{
    "accuracy": 0.9682060158724974,
    "report": {
        "Release": {
            "precision": 0.9989578190993363,
            "recall": 0.9665640590170895,
            "f1-score": 0.9824939983276239,
            "support": 56526.0
        },
        "Speech": {
            "precision": 0.7112299465240641,
            "recall": 0.9879032258064516,
            "f1-score": 0.8270409522963489,
            "support": 4712.0
        },
        "accuracy": 0.9682060158724974,
        "macro avg": {
            "precision": 0.8550938828117003,
            "recall": 0.9772336424117706,
            "f1-score": 0.9047674753119863,
            "support": 61238.0
        },
        "weighted avg": {
            "precision": 0.9768184001833907,
            "recall": 0.9682060158724974,
            "f1-score": 0.9705325568550192,
            "support": 61238.0
        }
    }
}