{
    "accuracy": 0.9472788797696723,
    "report": {
        "Confidence": {
            "precision": 0.818018018018018,
            "recall": 0.8417149478563152,
            "f1-score": 0.8296973158195317,
            "support": 4315.0
        },
        "Growth": {
            "precision": 0.9415971394517283,
            "recall": 0.9356928865045635,
            "f1-score": 0.9386357282639083,
            "support": 14353.0
        },
        "Housing": {
            "precision": 0.9883909914093336,
            "recall": 0.9824601892453265,
            "f1-score": 0.9854166666666667,
            "support": 4333.0
        },
        "Inflation": {
            "precision": 0.9987959719789843,
            "recall": 0.9825562614407236,
            "f1-score": 0.9906095641317918,
            "support": 9287.0
        },
        "Labor Market": {
            "precision": 0.9896923317195064,
            "recall": 0.9993691846711875,
            "f1-score": 0.9945072190834903,
            "support": 6341.0
        },
        "Monetary Policy": {
            "precision": 0.997761095746082,
            "recall": 0.9898092500653253,
            "f1-score": 0.9937692660851315,
            "support": 7654.0
        },
        "Money and Credit": {
            "precision": 0.6449730700179533,
            "recall": 0.9147040101845958,
            "f1-score": 0.756514872334825,
            "support": 1571.0
        },
        "Trade and External": {
            "precision": 0.9523344403203751,
            "recall": 0.865128660159716,
            "f1-score": 0.9066393899944207,
            "support": 5635.0
        },
        "accuracy": 0.9472788797696723,
        "macro avg": {
            "precision": 0.9164453823327476,
            "recall": 0.9389294237659692,
            "f1-score": 0.9244737527974708,
            "support": 53489.0
        },
        "weighted avg": {
            "precision": 0.9515071811834451,
            "recall": 0.9472788797696723,
            "f1-score": 0.9484541126245087,
            "support": 53489.0
        }
    }
}