Id,Start,Name,Impact,Currency
8d41219e-4ab0-494e-b878-212a1540538e,09/23/2026 11:00:00,MBA Mortgage Applications,LOW,USD
4bcb1e02-72f0-42d1-867b-85958e546228,09/23/2026 13:45:00,S&P Global Composite PMI,MEDIUM,USD
6dd30953-081a-47f8-bd4c-1d8c81ccc7bb,09/23/2026 13:45:00,S&P Global Manufacturing PMI,HIGH,USD
11406332-cc3c-4add-a860-087f85dfddc6,09/23/2026 13:45:00,S&P Global Services PMI,HIGH,USD
ca345836-6b8f-419b-897a-441443586a5b,09/23/2026 14:05:00,Fed's Barr speech,MEDIUM,USD
6a0491a7-f992-4f28-9efd-a4b7b18b2ba3,09/23/2026 14:30:00,EIA Crude Oil Stocks Change,LOW,USD
955e00e7-6f97-4a47-b47c-6a07c63a5fe9,09/23/2026 14:30:00,EIA Distillate Stocks Change,LOW,USD
95313159-e653-4791-a99c-9218a7bd2f68,09/23/2026 14:30:00,EIA Gasoline Stocks Change,LOW,USD
03897ae5-2948-4c4c-9769-8581e3186c87,09/23/2026 14:30:00,EIA Heating Oil Stocks Change,LOW,USD
13e3ccf4-4d14-4240-a909-cf851b86c196,09/23/2026 17:00:00,5-Year Note Auction,LOW,USD
6ca42093-399d-4c0a-814b-07af4236fcee,09/24/2026 08:10:00,Fed's Williams speech,MEDIUM,USD
8e4cd720-4ef3-4dca-a8fb-e53ab69c452b,09/24/2026 12:30:00,Continuing Jobless Claims,LOW,USD
990add36-d75c-49d5-a2a5-52ef7365ec0d,09/24/2026 12:30:00,Current Account,LOW,USD
11e2ad64-148f-4472-81dc-86bea3e398fe,09/24/2026 12:30:00,Initial Jobless Claims,MEDIUM,USD
ebf2cd9c-c0d3-4f54-81f5-2dfa63740f52,09/24/2026 12:30:00,Initial Jobless Claims 4-week average,LOW,USD
0a4c651a-147a-415b-a96c-2d139c31ddae,09/24/2026 12:50:00,Fed's Hammack speech,MEDIUM,USD
89e168f3-dbc4-4aa8-9ba2-fd8c9a86c8e0,09/24/2026 13:00:00,Fed's Paulson speech,MEDIUM,USD
537ee8fb-f85f-4986-a094-445205ed7f6b,09/24/2026 14:00:00,New Home Sales (MoM),LOW,USD
086e59fb-0a4b-4f19-8af1-393bb8ee5128,09/24/2026 14:00:00,New Home Sales Change (MoM),MEDIUM,USD
4f04c6f5-f2a6-462c-bfc8-174e59365681,09/24/2026 14:30:00,EIA Natural Gas Storage Change,LOW,USD
4be9614e-0519-4e3b-a1d0-4d5c30cca79d,09/24/2026 15:00:00,Kansas Fed Manufacturing Activity,LOW,USD
f7d9645c-9046-4540-acd6-2f77cc1070fa,09/24/2026 15:30:00,4-Week Bill Auction,LOW,USD
94cdf03b-71fb-46b1-bebe-72ca2b6f5a78,09/24/2026 17:00:00,7-Year Note Auction,LOW,USD
ac28536c-4a22-4e6b-9928-d9be5cbda9b9,09/25/2026 09:15:00,Fed's Williams speech,MEDIUM,USD
1de061bb-753c-4ed4-aa16-cd3c49da1b20,09/25/2026 12:30:00,Durable Goods Orders,MEDIUM,USD
8ddb685d-6cab-42bd-8f4a-b3f6f395faf3,09/25/2026 12:30:00,Durable Goods Orders ex Defense,MEDIUM,USD
2a4ed7f5-0178-47a5-9834-56e47ce8cd41,09/25/2026 12:30:00,Durable Goods Orders ex Transportation,MEDIUM,USD
77021448-6463-4a22-98cb-6c78bbad2d81,09/25/2026 12:30:00,Nondefense Capital Goods Orders ex Aircraft,MEDIUM,USD
876161cc-824b-464a-9272-2d4b501faae6,09/25/2026 14:00:00,Michigan Consumer Expectations Index,MEDIUM,USD
899471ee-94d3-4f29-913b-8a5c513e79cd,09/25/2026 14:00:00,Michigan Consumer Sentiment Index,MEDIUM,USD
da22d175-e2bf-476c-ae0b-ed8f85a5e1d4,09/25/2026 14:00:00,UoM 1-year Consumer Inflation Expectations,MEDIUM,USD
48662de3-0229-4960-ab86-d8d2b70d8b25,09/25/2026 14:00:00,UoM 5-year Consumer Inflation Expectation,MEDIUM,USD
bdf6db7a-67d9-4d19-a400-244c5b168a93,09/25/2026 17:00:00,Baker Hughes US Oil Rig Count,LOW,USD
7cc6c6d2-0eab-4450-b1e2-7b6ef4411747,09/25/2026 18:00:00,Fed's Hammack speech,MEDIUM,USD
1da28b60-236a-4c8c-81e1-dc91edec4a8f,09/25/2026 19:30:00,CFTC Gold NC Net Positions,LOW,USD
5791049c-822a-4c51-92da-09de96fab0d4,09/25/2026 19:30:00,CFTC Oil NC Net Positions,LOW,USD
dd1f9588-b20f-4114-acd8-85090291f0d6,09/25/2026 19:30:00,CFTC S&P 500 NC Net Positions,LOW,USD
256643ec-4ae2-44c6-abbc-9fc408e0b7c4,09/28/2026 14:30:00,Dallas Fed Manufacturing Business Index,LOW,USD
8981c8c8-06d8-4ade-9679-d528865cf1dd,09/28/2026 15:30:00,3-Month Bill Auction,LOW,USD
df204c14-e3f9-458b-8d49-f197aed0958a,09/28/2026 15:30:00,6-Month Bill Auction,LOW,USD
77eb57f9-37a8-4da7-9c7a-f7f0dd929d11,09/29/2026 11:30:00,Fed's Musalem speech,MEDIUM,USD
7ff77ad2-af9d-402f-a7e2-38aa8c0675d8,09/29/2026 12:55:00,Redbook Index (YoY),LOW,USD
c2f89aa7-1675-47f1-aad7-ee7e234d98ee,09/29/2026 13:00:00,Housing Price Index (MoM),MEDIUM,USD
021b24ab-0f7d-45a2-9724-22f226a07807,09/29/2026 13:00:00,S&P/Case-Shiller Home Price Indices (YoY),LOW,USD
97718244-bfcd-4fe7-9b4b-d7121364d5a5,09/29/2026 14:00:00,Consumer Confidence,MEDIUM,USD
4d46122c-46c3-44ad-99d3-87f89310848c,09/29/2026 14:00:00,JOLTS Job Openings,MEDIUM,USD
aeaf4be2-f41d-4678-a560-ca08ad3df849,09/29/2026 15:30:00,52-Week Bill Auction,LOW,USD
75293df7-a91e-4340-adba-3ec701405118,09/29/2026 17:00:00,Fed's Goolsbee speech,MEDIUM,USD
ac75b73b-1848-48e6-95c9-40b630785a2d,09/29/2026 18:00:00,Fed's Williams speech,MEDIUM,USD
37cccbbe-f1d4-48d4-ad09-54c10c5a12b3,09/29/2026 20:30:00,API Weekly Crude Oil Stock,LOW,USD
0bc8c50a-9466-46b7-8c1b-a4f2ca56af77,09/30/2026 11:00:00,MBA Mortgage Applications,LOW,USD
c64df516-64bb-4737-9430-1ff3df1bab9a,09/30/2026 12:15:00,ADP Employment Change,HIGH,USD
ef95f488-2906-40b6-93ea-2a2ca30e6d07,09/30/2026 12:30:00,Core Personal Consumption Expenditures - Price Index (MoM),HIGH,USD
afc8067a-4f0d-4f1b-b39d-355dbc61dd7c,09/30/2026 12:30:00,Core Personal Consumption Expenditures - Price Index (YoY),HIGH,USD
e92da515-938a-44bf-823b-c1ec773dad58,09/30/2026 12:30:00,Core Personal Consumption Expenditures (QoQ),MEDIUM,USD
295dd7d9-02ec-4c32-9782-2d28b573a3ba,09/30/2026 12:30:00,Goods Trade Balance,LOW,USD
0e1b502b-79ab-4a29-b005-4c98e7cf9bba,09/30/2026 12:30:00,Gross Domestic Product Annualized,MEDIUM,USD
66d6fa54-3126-43ce-8375-f7eb1f8a9c22,09/30/2026 12:30:00,Gross Domestic Product Price Index,MEDIUM,USD
556cca80-bade-44b2-8321-d6a5b13750cb,09/30/2026 12:30:00,Personal Consumption Expenditures - Price Index (MoM),MEDIUM,USD
bb4ae68a-f549-4f63-8667-64c215110236,09/30/2026 12:30:00,Personal Consumption Expenditures - Price Index (YoY),MEDIUM,USD
cd62e4a7-3843-42dd-8e2d-bd3eac49c042,09/30/2026 12:30:00,Personal Consumption Expenditures Prices (QoQ),MEDIUM,USD
5931f4b0-33b8-4225-8e35-0d15ab0d48fa,09/30/2026 12:30:00,Personal Income (MoM),MEDIUM,USD
46cf5aa0-d73f-4cbb-9c27-32a7492f22af,09/30/2026 12:30:00,Personal Spending,MEDIUM,USD
5e05969c-c7c2-4060-860b-46c17ba2fad7,09/30/2026 12:30:00,Wholesale Inventories,LOW,USD
f74c263d-3c85-43ce-a508-fc790e47289b,09/30/2026 13:45:00,Chicago PMI,MEDIUM,USD
4c352cf7-1bd5-477e-9a94-08eb9aed211c,09/30/2026 14:30:00,EIA Crude Oil Stocks Change,LOW,USD
d61299c7-0f8a-42a9-ad0b-b5a6d53abf5a,09/30/2026 14:30:00,EIA Distillate Stocks Change,LOW,USD
d6171eb5-173b-4388-a3f1-9d7b71163735,09/30/2026 14:30:00,EIA Gasoline Stocks Change,LOW,USD
2776d894-0549-4a02-b16e-8356d692ed2e,09/30/2026 14:30:00,EIA Heating Oil Stocks Change,LOW,USD
5925ec70-a1eb-47ee-8055-16a96a609a2b,09/30/2026 16:00:00,Grain Stock Report,LOW,USD
2a76b27e-43cc-41d2-a3de-c78d4fd7c311,09/30/2026 20:05:00,Fed's Goolsbee speech,MEDIUM,USD
2f05ab14-ddbf-4071-9999-d3ae2816c0f6,10/01/2026 09:30:00,Challenger Job Cuts,MEDIUM,USD
c740d09d-cea7-4ac9-b091-8370309512e0,10/01/2026 12:30:00,Continuing Jobless Claims,LOW,USD
16b79aed-b72f-4980-a235-5168cdf0b431,10/01/2026 12:30:00,Initial Jobless Claims,MEDIUM,USD
4fabb68f-d9dc-4d1b-b5b8-fa5db8a67e30,10/01/2026 12:30:00,Initial Jobless Claims 4-week average,LOW,USD
a121a3e2-77b1-4b01-87aa-586f259d7148,10/01/2026 13:45:00,S&P Global Manufacturing PMI,LOW,USD
a95299f9-670c-4d21-81d2-a87dc803803c,10/01/2026 14:00:00,Construction Spending (MoM),LOW,USD
ba45ce8f-6b04-4300-9c55-be56697ae497,10/01/2026 14:00:00,ISM Manufacturing Employment Index,MEDIUM,USD
380f1d3e-8fb8-42a5-9b3d-e786e4462ba6,10/01/2026 14:00:00,ISM Manufacturing New Orders Index,MEDIUM,USD
05dd9d6f-3824-41d0-9c6f-ce69efbb311a,10/01/2026 14:00:00,ISM Manufacturing PMI,HIGH,USD
24608db3-d878-4cb9-8a52-e87d447507ab,10/01/2026 14:00:00,ISM Manufacturing Prices Paid,MEDIUM,USD
b708a21f-ec97-4cae-965f-7692756423da,10/01/2026 14:30:00,EIA Natural Gas Storage Change,LOW,USD
ce11f725-ad20-4dd7-9fcc-ccab667b294d,10/01/2026 15:30:00,4-Week Bill Auction,LOW,USD
091e9ccd-c7ef-4746-af07-66f2b344e805,10/01/2026 19:30:00,Fed's Williams speech,MEDIUM,USD
5bacaecb-f2b9-4086-a5a9-0eefec2b5ccb,10/01/2026 19:30:00,Total Vehicle Sales,LOW,USD
a8be8ae1-e0eb-43b4-8b98-4c2333560680,10/02/2026 12:30:00,Average Hourly Earnings (MoM),HIGH,USD
a0485df5-8fd5-477b-9a61-0daad1abde41,10/02/2026 12:30:00,Average Hourly Earnings (YoY),HIGH,USD
9a892cf5-ba37-43a2-911a-f37bc452dccb,10/02/2026 12:30:00,Average Weekly Hours,LOW,USD
c2a38b74-d4dc-4be3-b717-855c3c52c320,10/02/2026 12:30:00,Labor Force Participation Rate,MEDIUM,USD
42eb369a-fa30-4a2e-b508-ba4dc3fd8073,10/02/2026 12:30:00,Nonfarm Payrolls,HIGH,USD
298bcab1-6a7b-41d8-bc17-2f4ebe0b18f9,10/02/2026 12:30:00,U6 Underemployment Rate,MEDIUM,USD
a2fbeb2f-013c-49cb-a03c-dc2c592cd48c,10/02/2026 12:30:00,Unemployment Rate,MEDIUM,USD
d7d0f835-1b62-4ac2-bc83-f899f7faad67,10/02/2026 14:00:00,Factory Orders (MoM),MEDIUM,USD
f296dbca-209a-4627-b53e-72fe8bf07e8b,10/02/2026 17:00:00,Baker Hughes US Oil Rig Count,LOW,USD
631221c6-e9c9-420a-a931-e8764c3c50e1,10/02/2026 19:30:00,CFTC Gold NC Net Positions,LOW,USD
9fcb7700-69a3-4ede-bf34-ec1d56df3838,10/02/2026 19:30:00,CFTC Oil NC Net Positions,LOW,USD
fb067288-309c-4190-b752-c8647b8a616d,10/02/2026 19:30:00,CFTC S&P 500 NC Net Positions,LOW,USD
f1d2d784-e5fb-416c-b388-54feae2ce150,10/05/2026 13:45:00,S&P Global Composite PMI,MEDIUM,USD
7256a289-5529-4ad9-a998-7abe47a05bbe,10/05/2026 13:45:00,S&P Global Services PMI,LOW,USD
c8608ec5-696d-426d-a2df-6c2fa03fccfb,10/05/2026 14:00:00,ISM Services Employment Index,MEDIUM,USD
b87c6f73-f35c-42b1-a4c1-0b6585af8b18,10/05/2026 14:00:00,ISM Services New Orders Index,MEDIUM,USD
01cb6076-cca0-46ff-b8a7-98f6bd803237,10/05/2026 14:00:00,ISM Services PMI,HIGH,USD
34f9de14-a9da-4cd7-a945-f2836056421c,10/05/2026 14:00:00,ISM Services Prices Paid,MEDIUM,USD
53e2320b-2dff-4c53-b5f9-261943877f24,10/05/2026 15:30:00,3-Month Bill Auction,LOW,USD
9df4e31f-66c2-4e6c-9104-679b28a0a278,10/05/2026 15:30:00,6-Month Bill Auction,LOW,USD
e4b88b30-59ab-4cb5-a794-94a2ffada5b0,10/06/2026 12:15:00,ADP Employment Change 4-week average,MEDIUM,USD
043eedaf-7651-4d10-b6f6-5f4ab4e3ee86,10/06/2026 12:30:00,Goods and Services Trade Balance,LOW,USD
720e24e2-ec25-4fe2-b547-d60cc88991b0,10/06/2026 12:30:00,Goods Trade Balance,LOW,USD
c9fca93e-b534-41bc-bf13-9c13452686b8,10/06/2026 12:55:00,Redbook Index (YoY),LOW,USD
8cc392b4-519e-4db5-b578-461453747c11,10/06/2026 14:00:00,RealClearMarkets/TIPP Economic Optimism (MoM),LOW,USD
fdc2a609-1fb4-4ff7-90f4-60a97d83d00d,10/06/2026 17:00:00,3-Year Note Auction,LOW,USD
bdc7801d-8510-4744-a489-fb70eac99dad,10/06/2026 20:30:00,API Weekly Crude Oil Stock,LOW,USD
2d100fe1-5948-4741-ad42-44e4a50226ff,10/07/2026 11:00:00,MBA Mortgage Applications,LOW,USD
23d4f861-ceb4-415f-a8fc-202439295086,10/07/2026 14:30:00,EIA Crude Oil Stocks Change,LOW,USD
a5a4945a-eca7-4fbf-ad9d-ba81cb5d2d92,10/07/2026 14:30:00,EIA Distillate Stocks Change,LOW,USD
ec2a1495-6a2a-4459-ad57-f561bc0c91bc,10/07/2026 14:30:00,EIA Gasoline Stocks Change,LOW,USD
4994df27-6854-45a7-89c2-4bd4957dee31,10/07/2026 14:30:00,EIA Heating Oil Stocks Change,LOW,USD
87e53130-4beb-489a-96d1-3b482f574310,10/07/2026 17:00:00,10-Year Note Auction,LOW,USD
02a53a33-4794-47f5-9def-bc39d26272b3,10/07/2026 18:00:00,FOMC Minutes,HIGH,USD
729d32d5-c19b-4601-a071-8e149563d435,10/07/2026 19:00:00,Consumer Credit Change,LOW,USD
ca5d9523-c7af-4346-b865-5f1464c7c4b3,10/08/2026 12:30:00,Continuing Jobless Claims,LOW,USD
9b347ce9-d89e-44e3-92c1-a530ea21db90,10/08/2026 12:30:00,Initial Jobless Claims,MEDIUM,USD
234f33ed-4ee3-490f-be7b-0c6f7209edc1,10/08/2026 12:30:00,Initial Jobless Claims 4-week average,LOW,USD
44ec4b6c-5af1-4ea3-a27c-679ca06bc44b,10/08/2026 14:00:00,Wholesale Inventories,LOW,USD
0b480de8-55e4-428e-a596-d64567bef557,10/08/2026 14:30:00,EIA Natural Gas Storage Change,LOW,USD
1294be93-8582-43af-8556-bff30b4d7f4f,10/08/2026 15:30:00,4-Week Bill Auction,LOW,USD
ea8dd0f6-6efc-4a7b-ac69-a84310157370,10/08/2026 17:00:00,30-Year Bond Auction,LOW,USD
25bed085-7106-40a7-af6e-ffe204040362,10/09/2026 14:00:00,Michigan Consumer Expectations Index,MEDIUM,USD
43c05090-4826-452f-bcb9-232a1c32cf38,10/09/2026 14:00:00,Michigan Consumer Sentiment Index,HIGH,USD
9e6fdf07-7ef9-4265-9fb6-c369830059c8,10/09/2026 14:00:00,UoM 1-year Consumer Inflation Expectations,MEDIUM,USD
3aba6f1e-e841-4b9e-a867-73a42cc6fc96,10/09/2026 14:00:00,UoM 5-year Consumer Inflation Expectation,MEDIUM,USD
4e82f33b-f4c5-4da3-9d0e-d68e8086dc15,10/09/2026 16:00:00,USDA WASDE Report,LOW,USD
f20de3dd-9f91-4d7f-9be9-ef1682a200b0,10/09/2026 17:00:00,Baker Hughes US Oil Rig Count,LOW,USD
b7f5af83-7cad-4bb9-b850-52fa3e78b305,10/09/2026 19:30:00,CFTC Gold NC Net Positions,LOW,USD
6be6fde5-a346-43f2-bd51-ca0f7534298e,10/09/2026 19:30:00,CFTC Oil NC Net Positions,LOW,USD
9914478c-8c91-48eb-8eea-c43b15c85815,10/09/2026 19:30:00,CFTC S&P 500 NC Net Positions,LOW,USD
a07e6ac5-50fb-4ed1-8f83-ae563f7a278f,10/12/2026 00:00:00,IMF Meeting,MEDIUM,USD
0d25e56f-12ca-430f-997c-cfd240e5631f,10/12/2026 15:30:00,3-Month Bill Auction,LOW,USD
15864a26-d75b-40d4-8751-b448012f6db8,10/12/2026 15:30:00,6-Month Bill Auction,LOW,USD
8292c36b-4806-4a20-9e73-0dc891fa5e5e,10/12/2026 18:00:00,Monthly Budget Statement,MEDIUM,USD
02ab7e59-f4b0-4d18-b43d-22f2fbe9d2f7,10/13/2026 00:00:00,IMF Meeting,MEDIUM,USD
2511ac33-c08a-471e-aa3b-8c04796164df,10/13/2026 10:00:00,NFIB Business Optimism Index,LOW,USD
296f4279-48db-4941-9b30-8505a637ed61,10/13/2026 12:15:00,ADP Employment Change 4-week average,MEDIUM,USD
f2a530b3-a35b-4fea-a9f1-dcf224a4a7d9,10/13/2026 12:55:00,Redbook Index (YoY),LOW,USD
70bb1cda-41c9-4622-927e-e87115dc61a9,10/13/2026 14:00:00,Existing Home Sales (MoM),LOW,USD
d26dcd6d-e4cf-4e86-b6ba-354dd99c8b26,10/13/2026 14:00:00,Existing Home Sales Change (MoM),MEDIUM,USD
74e44f7f-7c8f-4073-8bc6-edcfcfeb22c2,10/14/2026 00:00:00,IMF Meeting,MEDIUM,USD
73a47a59-1614-4614-92b2-2b3e0ad94e42,10/14/2026 11:00:00,MBA Mortgage Applications,LOW,USD
cbe30686-e724-42b1-b883-36bd8925fe5a,10/14/2026 12:30:00,Consumer Price Index (MoM),HIGH,USD
1e25f809-a3a8-4256-a9f1-de86b4f61f4a,10/14/2026 12:30:00,Consumer Price Index (YoY),HIGH,USD
304b4d0b-73ba-49d5-b2be-76d7c75f7bd4,10/14/2026 12:30:00,Consumer Price Index Core s.a,LOW,USD
cfaffea7-7471-4647-926d-581b3eecb400,10/14/2026 12:30:00,Consumer Price Index ex Food & Energy (MoM),HIGH,USD
e3111bf6-764b-4b93-9319-9fe860d7bf34,10/14/2026 12:30:00,Consumer Price Index ex Food & Energy (YoY),HIGH,USD
34b98fc0-3d41-4392-a238-1cf098d02347,10/14/2026 12:30:00,Consumer Price Index n.s.a (MoM),LOW,USD
2d915a99-15fa-4291-a644-16797294a77d,10/14/2026 20:30:00,API Weekly Crude Oil Stock,LOW,USD
b724b18d-2303-49f0-9c5b-314211a7cb9c,10/15/2026 00:00:00,IMF Meeting,MEDIUM,USD
5ad23a01-47f5-4f05-be2d-db6209a5f31c,10/15/2026 12:30:00,Continuing Jobless Claims,LOW,USD
435eda76-2a80-4b67-b056-c2bbac99285d,10/15/2026 12:30:00,Initial Jobless Claims,MEDIUM,USD
2ddaa993-714c-401d-b8ea-e091911470f8,10/15/2026 12:30:00,Initial Jobless Claims 4-week average,LOW,USD
98e45dbd-d01c-4808-8474-3207e659a5db,10/15/2026 12:30:00,Philadelphia Fed Manufacturing Survey,MEDIUM,USD
2d0bbcd3-6092-48de-86d7-023f244e4ca0,10/15/2026 12:30:00,Producer Price Index (MoM),MEDIUM,USD
7498f22c-411d-41af-97d7-87a8382bbf09,10/15/2026 12:30:00,Producer Price Index (YoY),MEDIUM,USD
ab3fea1a-0630-4e3a-9659-96f66d1e30d4,10/15/2026 12:30:00,Producer Price Index ex Food & Energy (MoM),MEDIUM,USD
bddcb0ff-7ede-4f39-b61b-5ccbb8ac4fa9,10/15/2026 12:30:00,Producer Price Index ex Food & Energy (YoY),HIGH,USD
9453b39f-605b-4293-b963-452070d91eb0,10/15/2026 12:30:00,Retail Sales (MoM),HIGH,USD
95561f2f-2e55-4024-84ec-1205855137d4,10/15/2026 12:30:00,Retail Sales (YoY),LOW,USD
1113728e-7e61-44c9-acd2-393d3ac0f9cc,10/15/2026 12:30:00,Retail Sales Control Group,HIGH,USD
8baac253-a360-4a8d-8217-fcdeec454348,10/15/2026 12:30:00,Retail Sales ex Autos (MoM),MEDIUM,USD
1698428e-8f29-41e4-ac5a-d78cf5602211,10/15/2026 14:00:00,Business Inventories,LOW,USD
9ad5695f-a60e-4745-88bf-939023b332b0,10/15/2026 14:00:00,NAHB Housing Market Index,LOW,USD
39e21979-d006-4f79-b687-8e47211d5857,10/15/2026 14:30:00,EIA Natural Gas Storage Change,LOW,USD
19b97168-a079-4a4c-b8d7-32b741e2b1a3,10/15/2026 15:30:00,4-Week Bill Auction,LOW,USD
e5e2c65e-a4cb-4b9b-8b85-127ba986f584,10/15/2026 16:00:00,EIA Crude Oil Stocks Change,LOW,USD
b05fbba4-4537-4cca-9b3b-1efdc576e06a,10/15/2026 16:00:00,EIA Distillate Stocks Change,LOW,USD
e844eb06-2739-4ae4-a1cc-04b19bbff976,10/15/2026 16:00:00,EIA Gasoline Stocks Change,LOW,USD
6eaf5af8-3a8b-43ef-824d-be76819d9b8f,10/15/2026 16:00:00,EIA Heating Oil Stocks Change,LOW,USD
e66bf6f6-db63-4051-91fc-9eebc0f2972e,10/16/2026 00:00:00,IMF Meeting,MEDIUM,USD
949ef7ae-e98a-42ff-9876-fc25dfa435f0,10/16/2026 12:30:00,Export Price Index (MoM),LOW,USD
1f2ffb7f-7d87-4f71-be90-73e3d4490c7b,10/16/2026 12:30:00,Export Price Index (YoY),LOW,USD
89e82b74-ea53-4c35-8604-aa30a4acf3d6,10/16/2026 12:30:00,Import Price Index (MoM),LOW,USD
3f166b9b-caba-46f9-98bf-9d0053086b88,10/16/2026 12:30:00,Import Price Index (YoY),LOW,USD
8a2e7507-3680-40f6-a50e-5958b94ee8ff,10/16/2026 12:30:00,NY Empire State Manufacturing Index,MEDIUM,USD
c91ceeeb-682a-46ff-959d-9a69e0850068,10/16/2026 13:15:00,Capacity Utilization,LOW,USD
9f26e494-782b-4668-b0c6-b278b3d0a020,10/16/2026 13:15:00,Industrial Production (MoM),MEDIUM,USD
0456252c-6b68-4ca0-a14e-a0b916ee0645,10/16/2026 17:00:00,Baker Hughes US Oil Rig Count,LOW,USD
0a41c129-5ba3-4b6f-be56-3cde5e6312df,10/16/2026 19:30:00,CFTC Gold NC Net Positions,LOW,USD
84f3e5f8-4ad6-4c1a-a661-ea75410c31c3,10/16/2026 19:30:00,CFTC Oil NC Net Positions,LOW,USD
ec933303-971d-45a1-8ba9-92bdd5ece81b,10/16/2026 19:30:00,CFTC S&P 500 NC Net Positions,LOW,USD
07cff94f-7b4a-44ab-a65e-b98c6edc904d,10/16/2026 20:00:00,Net Long-Term TIC Flows,LOW,USD
8b9dd364-8bf0-4482-a74d-a95eb0e53882,10/16/2026 20:00:00,Total Net TIC Flows,LOW,USD
a2caf4ac-c154-4084-98ba-42c3762a62f0,10/17/2026 00:00:00,IMF Meeting,MEDIUM,USD
c2b53cd8-632c-406f-be98-b9a8c1259436,10/18/2026 00:00:00,IMF Meeting,MEDIUM,USD
2f4ec87c-02bc-43f3-b59b-09914f04af7b,10/19/2026 15:30:00,3-Month Bill Auction,LOW,USD
42d17e91-5bd2-47a9-af83-47cf0f372ca0,10/19/2026 15:30:00,6-Month Bill Auction,LOW,USD
770e9c28-0a7f-485e-b31b-ddacbe262639,10/20/2026 12:15:00,ADP Employment Change 4-week average,MEDIUM,USD
4a1649f8-52cb-4136-9d62-fe6dd7d2b539,10/20/2026 12:30:00,Building Permits (MoM),MEDIUM,USD
75fe45d3-0c1d-4e6d-b284-ac2506246f5b,10/20/2026 12:30:00,Building Permits Change,LOW,USD
f9a0c5b3-62e6-48c3-a788-c1a579aa6c62,10/20/2026 12:30:00,Housing Starts (MoM),MEDIUM,USD
e0d72288-19aa-42cc-9d8a-4bfaa051745b,10/20/2026 12:30:00,Housing Starts Change,LOW,USD
e6aec4f5-d117-40e6-80cd-52fb069b34c9,10/20/2026 12:55:00,Redbook Index (YoY),LOW,USD
f271341c-9693-428a-81cd-cb8e1bf3c373,10/20/2026 20:30:00,API Weekly Crude Oil Stock,LOW,USD
782485cf-22b8-466a-9eda-868d52a6fee5,10/21/2026 11:00:00,MBA Mortgage Applications,LOW,USD
4fed02f5-bac3-4552-9a1e-40438e609d02,10/21/2026 14:30:00,EIA Crude Oil Stocks Change,LOW,USD
f48c3675-4daa-4107-bc7e-9ef5c29f6131,10/21/2026 14:30:00,EIA Distillate Stocks Change,LOW,USD
76a91eee-03ad-4c94-a66a-6b3ffed6d5fc,10/21/2026 14:30:00,EIA Gasoline Stocks Change,LOW,USD
f2146d01-1a52-4e0e-afea-9bd453d8981a,10/21/2026 14:30:00,EIA Heating Oil Stocks Change,LOW,USD
2d8d6fd0-ae06-4fe0-98bb-8ae50e478daf,10/21/2026 17:00:00,20-Year Bond Auction,LOW,USD
17d99074-3c9e-45ef-aafd-a5deabb8e7ec,10/22/2026 12:30:00,Continuing Jobless Claims,LOW,USD
12fc3d95-f321-4007-84d2-68a90b452a37,10/22/2026 12:30:00,Initial Jobless Claims,MEDIUM,USD
f729e02c-567d-4318-b227-9b9a8c9cf8a8,10/22/2026 12:30:00,Initial Jobless Claims 4-week average,LOW,USD
429976d3-2a02-4580-b407-2c669cc85153,10/22/2026 14:00:00,Pending Home Sales (MoM),MEDIUM,USD
c2667ece-277e-4f43-bc5a-b6291297e6aa,10/22/2026 14:00:00,Pending Home Sales (YoY),LOW,USD
a3725413-bdad-4cac-9f25-2714032f2fd8,10/22/2026 14:30:00,EIA Natural Gas Storage Change,LOW,USD
ebf9d19e-6522-4aaf-81ec-f394f9f0f77e,10/22/2026 15:30:00,4-Week Bill Auction,LOW,USD
9a9f6ef8-98aa-40e5-9531-34be56818826,10/22/2026 17:00:00,5-year TIPS Auction,LOW,USD
bb34d577-be8c-47e4-8dd1-1e562c7f8c91,10/23/2026 13:45:00,S&P Global Composite PMI,MEDIUM,USD
7ac62fc5-13ab-4771-ace3-3d50ed33effe,10/23/2026 13:45:00,S&P Global Manufacturing PMI,HIGH,USD
54e677df-4e09-443c-84c6-6aaee1aff3bb,10/23/2026 13:45:00,S&P Global Services PMI,HIGH,USD
c167d35a-0828-485a-8d31-baa5654bfdc7,10/23/2026 14:00:00,Michigan Consumer Expectations Index,MEDIUM,USD
a959ed2f-3292-4a16-8dfb-d1f0ca612065,10/23/2026 14:00:00,Michigan Consumer Sentiment Index,MEDIUM,USD
9fdf7484-15da-43d0-805c-284afdece3c3,10/23/2026 14:00:00,UoM 1-year Consumer Inflation Expectations,MEDIUM,USD
959acf8d-e6c5-438a-b0ef-f1c2fc8b97ae,10/23/2026 14:00:00,UoM 5-year Consumer Inflation Expectation,MEDIUM,USD
d19b4895-70e0-4059-ab27-3aec49f25c15,10/23/2026 17:00:00,Baker Hughes US Oil Rig Count,LOW,USD
38a50172-90a3-4ced-8da4-d526bed7ead3,10/23/2026 19:30:00,CFTC Gold NC Net Positions,LOW,USD
9c14077b-ca41-4561-ade0-fc8708336875,10/23/2026 19:30:00,CFTC Oil NC Net Positions,LOW,USD
7ac13f7a-822f-4933-94f5-14efa569e5ed,10/23/2026 19:30:00,CFTC S&P 500 NC Net Positions,LOW,USD
f590786b-58de-446e-85c8-09181c5ac119,10/26/2026 15:30:00,3-Month Bill Auction,LOW,USD
3c85921f-b25c-474d-9f18-022df9d623b8,10/26/2026 15:30:00,6-Month Bill Auction,LOW,USD
5f2ec4de-b8f4-4f28-bacc-650bcc37afe7,10/26/2026 17:00:00,2-Year Note Auction,LOW,USD
de4c41db-e564-4d31-9495-626a9d7927b1,10/27/2026 12:15:00,ADP Employment Change 4-week average,MEDIUM,USD
472d7832-b080-4f8d-912b-b3597e61987a,10/27/2026 12:30:00,"Chicago Fed National Activity Index ",LOW,USD
4c96bce1-23bf-46c7-bb25-213d3f58f913,10/27/2026 12:30:00,Durable Goods Orders,MEDIUM,USD
caf9872b-51c0-49f1-ac77-81d84447bd12,10/27/2026 12:30:00,Durable Goods Orders ex Defense,MEDIUM,USD
ce0766ef-6fe9-486c-9cfc-3cc88e8e77b9,10/27/2026 12:30:00,Durable Goods Orders ex Transportation,MEDIUM,USD
e2b01df2-4fbb-47fe-a2f7-047d2252fa5d,10/27/2026 12:30:00,Goods Trade Balance,LOW,USD
c9e7bdd4-318f-499d-a2e4-08e26c9fb075,10/27/2026 12:30:00,Nondefense Capital Goods Orders ex Aircraft,MEDIUM,USD
407dac7e-2e11-4ce7-9415-c54ec1bdd3f2,10/27/2026 12:55:00,Redbook Index (YoY),LOW,USD
0a46270c-bb17-48d2-b040-e665fb098048,10/27/2026 13:00:00,Housing Price Index (MoM),MEDIUM,USD
81a8dd9a-9122-4e29-9082-aade97efe042,10/27/2026 13:00:00,S&P/Case-Shiller Home Price Indices (YoY),LOW,USD
e6bba8e5-8ddf-40ac-8f3b-7cbaef1f8073,10/27/2026 14:00:00,Consumer Confidence,MEDIUM,USD
75f8867f-b40a-49b6-9d0a-800ca12aa63e,10/27/2026 14:00:00,New Home Sales (MoM),LOW,USD
624fe625-be6d-4dc3-97b6-0e9cfad94699,10/27/2026 14:00:00,New Home Sales Change (MoM),MEDIUM,USD
d51c534a-6c97-4ff9-b580-066e2c9d825a,10/27/2026 14:00:00,Richmond Fed Manufacturing Index,LOW,USD
44a64555-f1c2-42e4-816f-9d365780d49a,10/27/2026 14:30:00,Dallas Fed Manufacturing Business Index,LOW,USD
c7bb7c3b-eb47-4850-a769-f1eda13978e3,10/27/2026 15:30:00,52-Week Bill Auction,LOW,USD
b8f467d2-4d0d-4a02-942f-11552703e48d,10/27/2026 17:00:00,5-Year Note Auction,LOW,USD
4c501855-9c02-4359-b9b3-6d9619bbc879,10/27/2026 20:30:00,API Weekly Crude Oil Stock,LOW,USD
ad267756-9070-49d1-8f28-d119a3e28de4,10/28/2026 11:00:00,MBA Mortgage Applications,LOW,USD
d4f9a6a5-29cc-4bd4-a1c4-f089c45dff71,10/28/2026 12:30:00,Wholesale Inventories,LOW,USD
3a732b6a-a297-4629-9285-80c7be034b5f,10/28/2026 14:30:00,EIA Crude Oil Stocks Change,LOW,USD
2ab8378f-8f31-4768-a6aa-c2492db71877,10/28/2026 14:30:00,EIA Distillate Stocks Change,LOW,USD
1bd7d609-5ce7-4ec1-b495-06de9f246616,10/28/2026 14:30:00,EIA Gasoline Stocks Change,LOW,USD
5b00ec5c-5e91-49f3-9944-d2dee9c1db08,10/28/2026 14:30:00,EIA Heating Oil Stocks Change,LOW,USD
d0d870ee-01f1-40f8-b9c4-530e60645368,10/28/2026 17:00:00,7-Year Note Auction,LOW,USD
0fa5c63c-f61c-4436-8763-66222addfe7a,10/28/2026 18:00:00,Fed Interest Rate Decision,HIGH,USD
3c0c7b61-7aaa-4ca6-bff2-15593a479a36,10/28/2026 18:00:00,Fed Monetary Policy Statement,HIGH,USD
2b6b68dc-4cea-41c4-ba47-4766f56bf18d,10/28/2026 18:30:00,FOMC Press Conference,HIGH,USD
bd288305-962a-49c4-ae74-dcecaa22b6b7,10/29/2026 12:30:00,Continuing Jobless Claims,LOW,USD
ae9d410c-360e-4fed-8fc8-d9569f4558b8,10/29/2026 12:30:00,Core Personal Consumption Expenditures (QoQ),MEDIUM,USD
eee5daa2-7168-46ec-bf09-83c8fbe8ce20,10/29/2026 12:30:00,Gross Domestic Product Annualized,HIGH,USD
f1a492c1-7a0d-446b-a2ae-a0afee0703f1,10/29/2026 12:30:00,Gross Domestic Product Price Index,HIGH,USD
8f998cac-4b65-4c95-a0fa-73723b4526c5,10/29/2026 12:30:00,Initial Jobless Claims,MEDIUM,USD
99818fd2-4fa7-49a7-beab-a7014f3550d9,10/29/2026 12:30:00,Initial Jobless Claims 4-week average,LOW,USD
2e90a491-2097-47bd-92fe-5d4fde8c5c2c,10/29/2026 12:30:00,Personal Consumption Expenditures Prices (QoQ),MEDIUM,USD
e5492ec4-5913-4b63-8a60-662053753be9,10/29/2026 14:30:00,EIA Natural Gas Storage Change,LOW,USD
4f928730-9d65-4a9f-8a72-ee7dae1af88b,10/29/2026 15:00:00,Kansas Fed Manufacturing Activity,LOW,USD
b17ba9df-2eae-47eb-bb6a-bd0b8a89461c,10/29/2026 15:30:00,4-Week Bill Auction,LOW,USD
2241a1cd-eb29-4740-a28d-fc2b8cc813ef,10/30/2026 12:30:00,Core Personal Consumption Expenditures - Price Index (MoM),HIGH,USD
401e58cb-1252-4e02-9c2a-144d3ea169e1,10/30/2026 12:30:00,Core Personal Consumption Expenditures - Price Index (YoY),HIGH,USD
43f7500e-0290-42c0-b26a-4cb0c3a417cf,10/30/2026 12:30:00,Employment Cost Index,MEDIUM,USD
e8b79a49-8f95-4e08-b60f-c5367e1138b9,10/30/2026 12:30:00,Personal Consumption Expenditures - Price Index (MoM),MEDIUM,USD
1c247eab-2e2a-4393-ae9a-508ebd4d9b71,10/30/2026 12:30:00,Personal Consumption Expenditures - Price Index (YoY),MEDIUM,USD
413c2200-8525-4383-82bf-4ef5dd268f1f,10/30/2026 12:30:00,Personal Income (MoM),MEDIUM,USD
07858c98-100e-4b62-9aa5-0336b40cd1a7,10/30/2026 12:30:00,Personal Spending,MEDIUM,USD
bf21966a-d0a3-4fb8-99f5-17d9782bc949,10/30/2026 13:45:00,Chicago PMI,MEDIUM,USD
a39f4b13-c8d4-449d-b27c-8f09d541f0a2,10/30/2026 17:00:00,Baker Hughes US Oil Rig Count,LOW,USD
ebaafba8-5714-4869-992e-a71eea6ae64e,10/30/2026 19:30:00,CFTC Gold NC Net Positions,LOW,USD
08b0c315-b67b-4a6a-b195-cdb80e74e79f,10/30/2026 19:30:00,CFTC Oil NC Net Positions,LOW,USD
69cbc8d3-d971-442b-a64e-d257a4fa5208,10/30/2026 19:30:00,CFTC S&P 500 NC Net Positions,LOW,USD
6c69e419-d92d-4c60-9532-5f99af243b7b,11/01/2026 07:00:00,Daylight Saving Time ends,NONE,USD
d42f8a0e-8570-488a-b923-44bc237dc067,11/02/2026 13:45:00,S&P Global Manufacturing PMI,LOW,USD
fda7f5ff-53f7-4d9c-a97d-723a0f724b46,11/02/2026 14:00:00,Construction Spending (MoM),LOW,USD
f128147a-ea83-455c-b04d-e5719c1bfc42,11/02/2026 14:00:00,ISM Manufacturing Employment Index,MEDIUM,USD
597320fe-e056-46b2-a6d0-4927beefb4e0,11/02/2026 14:00:00,ISM Manufacturing New Orders Index,MEDIUM,USD
f2f9d593-a194-49f6-8eea-fec094f159bc,11/02/2026 14:00:00,ISM Manufacturing PMI,HIGH,USD
08e3a6b2-7c7d-4912-806c-76a0194da265,11/02/2026 14:00:00,ISM Manufacturing Prices Paid,MEDIUM,USD
f1e11c80-3e5c-474b-84d9-b933b4519876,11/02/2026 15:30:00,3-Month Bill Auction,LOW,USD
a5db4153-33a0-438b-bac6-b0c613d44a6e,11/02/2026 15:30:00,6-Month Bill Auction,LOW,USD
b3dc9f7b-c6f5-419d-aa17-f827b79f264c,11/03/2026 05:00:00,US Midterm Elections,HIGH,USD
fdd53d89-52f2-414a-aac9-acf57dae7dd2,11/03/2026 12:55:00,Redbook Index (YoY),LOW,USD
47195adf-128c-4273-adfa-cf58046a0337,11/03/2026 14:00:00,Factory Orders (MoM),MEDIUM,USD
fe568be2-0b21-4bb8-ad63-8f09f72cfd7f,11/03/2026 14:00:00,JOLTS Job Openings,MEDIUM,USD
9d5dbc5b-4191-4c8b-bbf0-d22c7971c008,11/03/2026 14:00:00,RealClearMarkets/TIPP Economic Optimism (MoM),LOW,USD
934a50f0-0624-46b5-8902-bc6d4befec7d,11/03/2026 19:30:00,Total Vehicle Sales,LOW,USD
1a858411-8f18-401a-b38c-4799820f9cf4,11/03/2026 20:30:00,API Weekly Crude Oil Stock,LOW,USD
4ff80ea2-bb39-4ac5-803c-ee6c1f08e709,11/04/2026 11:00:00,MBA Mortgage Applications,LOW,USD
e2138b09-c406-415c-999d-36e58d770ae5,11/04/2026 12:15:00,ADP Employment Change,HIGH,USD
837baaee-dd6c-4e13-b8b4-8bc3a4f99bc9,11/04/2026 12:30:00,Goods and Services Trade Balance,LOW,USD
5552fb1c-8bdd-4223-834f-cc632695fd5b,11/04/2026 12:30:00,Goods Trade Balance,LOW,USD
6edbae1d-5754-4ee3-85a8-a773904fa382,11/04/2026 13:45:00,S&P Global Composite PMI,MEDIUM,USD
bc785f6e-2082-43df-9294-6d25b774128e,11/04/2026 13:45:00,S&P Global Services PMI,LOW,USD
d1dd9b9a-56aa-4bb8-b95e-ad2d7e6185b0,11/04/2026 14:00:00,ISM Services Employment Index,MEDIUM,USD
9f87ff40-da89-4765-a1a3-861baa344b06,11/04/2026 14:00:00,ISM Services New Orders Index,MEDIUM,USD
3c1033c6-6706-445b-bcaf-55e38dfbbe6f,11/04/2026 14:00:00,ISM Services PMI,HIGH,USD
a4528029-f562-4924-95cc-78c68bbfb95d,11/04/2026 14:00:00,ISM Services Prices Paid,MEDIUM,USD
ca05347e-9bf9-4b0f-a609-3e75d5585e37,11/04/2026 14:30:00,EIA Crude Oil Stocks Change,LOW,USD
08ff417c-a5d1-44e3-b97a-48c7ad23bfe3,11/04/2026 14:30:00,EIA Distillate Stocks Change,LOW,USD
3abdd8e2-e85a-460e-a7ab-c08a76e15a87,11/04/2026 14:30:00,EIA Gasoline Stocks Change,LOW,USD
6cb4a779-334a-4f7c-82c4-8e78f2a1d31e,11/04/2026 14:30:00,EIA Heating Oil Stocks Change,LOW,USD
19e683ff-acc3-4cc3-bd7f-66b296b2044b,11/05/2026 09:30:00,Challenger Job Cuts,MEDIUM,USD
5b0bc9d4-792e-41d2-b062-d5b63c3c4b58,11/05/2026 12:30:00,Continuing Jobless Claims,LOW,USD
deafa8d4-f1fb-46d1-af7a-61186993120d,11/05/2026 12:30:00,Initial Jobless Claims,MEDIUM,USD
9a05bd4d-1933-492d-936e-b7beddecb4fa,11/05/2026 12:30:00,Initial Jobless Claims 4-week average,LOW,USD
fb980afa-7081-4f97-9487-2288156c19bd,11/05/2026 12:30:00,Nonfarm Productivity,MEDIUM,USD
53955edd-b397-4fed-894b-6f335d21a57b,11/05/2026 12:30:00,Unit Labor Costs,MEDIUM,USD
10fd4311-ba61-4094-888c-6e9ba2ad59d3,11/05/2026 14:30:00,EIA Natural Gas Storage Change,LOW,USD
52975b53-112b-439f-98b3-9c7b714e9211,11/05/2026 15:30:00,4-Week Bill Auction,LOW,USD
7300f597-d4d2-4360-832a-33657038e139,11/06/2026 12:30:00,Average Hourly Earnings (MoM),HIGH,USD
85a16cc6-8da3-4cf5-87d4-3e18b491a0ef,11/06/2026 12:30:00,Average Hourly Earnings (YoY),HIGH,USD
027ccf43-1710-46fc-8789-9ae28b548e10,11/06/2026 12:30:00,Average Weekly Hours,LOW,USD
346ba69d-a4c2-4561-96bb-09b785ec3d7d,11/06/2026 12:30:00,Labor Force Participation Rate,MEDIUM,USD
63edec8e-cde5-4efa-8469-1a9c17ff2eee,11/06/2026 12:30:00,Nonfarm Payrolls,HIGH,USD
ecac21bb-21ba-46a8-92d0-4ce6dc461adc,11/06/2026 12:30:00,U6 Underemployment Rate,MEDIUM,USD
e0aac989-11e2-4d22-a1cb-c3c2edc3b408,11/06/2026 12:30:00,Unemployment Rate,MEDIUM,USD
4a49e38d-3b55-44a6-bf3a-cc65d2076d6c,11/06/2026 14:00:00,Michigan Consumer Expectations Index,MEDIUM,USD
1357b476-3290-4e06-a80f-44d32779cd4d,11/06/2026 14:00:00,Michigan Consumer Sentiment Index,HIGH,USD
ce1f5a7d-6ecb-40c9-b04d-fe6c722c9cc1,11/06/2026 14:00:00,UoM 1-year Consumer Inflation Expectations,MEDIUM,USD
eff25b30-1c65-4444-b134-a0f987f8ae2e,11/06/2026 14:00:00,UoM 5-year Consumer Inflation Expectation,MEDIUM,USD
b8f48aa0-3046-487f-a38e-684c754462af,11/06/2026 17:00:00,Baker Hughes US Oil Rig Count,LOW,USD
68eee39c-2119-4dc4-8654-7073c22ce7de,11/06/2026 19:00:00,Consumer Credit Change,LOW,USD
7c41c071-0553-470a-b1e1-7f8f457edbbf,11/06/2026 19:30:00,CFTC Gold NC Net Positions,LOW,USD
cff804f2-a232-4faa-b71a-b6d5a125f1f9,11/06/2026 19:30:00,CFTC Oil NC Net Positions,LOW,USD
34c5e5c6-de06-4b9a-8a14-97a803634b31,11/06/2026 19:30:00,CFTC S&P 500 NC Net Positions,LOW,USD
7220f518-6a40-4e29-8133-cdfdef018f67,11/09/2026 15:00:00,Wholesale Inventories,LOW,USD
c8d3d517-bbf3-4675-95a8-589802d69e1b,11/09/2026 16:30:00,3-Month Bill Auction,LOW,USD
ff72f8aa-2f4f-4ed0-947d-39e73448dffc,11/09/2026 16:30:00,6-Month Bill Auction,LOW,USD
ac050576-690c-43fc-89d8-8ff5cb9b389c,11/09/2026 19:00:00,Loan Officer Survey,MEDIUM,USD
e60e44d0-2ca0-4fba-9d88-f610085b2bf3,11/10/2026 11:00:00,NFIB Business Optimism Index,LOW,USD
a265b395-a329-4eb0-834a-cd35a1e11415,11/10/2026 13:15:00,ADP Employment Change 4-week average,MEDIUM,USD
75a2fedb-a0e4-446b-94fb-726f952c0f8e,11/10/2026 13:30:00,Consumer Price Index (MoM),HIGH,USD
a1dff83e-b073-4270-8424-4a7acfaed89c,11/10/2026 13:30:00,Consumer Price Index (YoY),HIGH,USD
a0a6c8b5-d445-4d52-88f8-aba8bef72908,11/10/2026 13:30:00,Consumer Price Index Core s.a,LOW,USD
c116284f-54cf-4db0-a413-9f9a6be6908d,11/10/2026 13:30:00,Consumer Price Index ex Food & Energy (MoM),HIGH,USD
80ef0474-f22d-4da0-ac0b-e5de230a6538,11/10/2026 13:30:00,Consumer Price Index ex Food & Energy (YoY),HIGH,USD
d8aa6891-638c-4fa1-baf1-c8a23125d049,11/10/2026 13:30:00,Consumer Price Index n.s.a (MoM),LOW,USD
f7713f2e-57c4-4d1f-8e60-1bb232d939e5,11/10/2026 13:55:00,Redbook Index (YoY),LOW,USD
f336b3ca-fa8a-4c10-8cef-422dbe62a92b,11/10/2026 17:00:00,USDA WASDE Report,LOW,USD
5414077c-8751-4995-9ec9-d70d7bd4b188,11/10/2026 18:00:00,3-Year Note Auction,LOW,USD
9ac33757-176f-4a21-a74e-a08fee08bb9e,11/10/2026 21:30:00,API Weekly Crude Oil Stock,LOW,USD
104adfae-fcf3-4cdd-9cca-40296706a254,11/11/2026 12:00:00,MBA Mortgage Applications,LOW,USD
a8ef97b5-96b3-4849-bd57-08605c1cab7b,11/11/2026 18:00:00,10-Year Note Auction,LOW,USD
849a9a10-92f4-46e8-820d-65af826f7b10,11/11/2026 19:00:00,Monthly Budget Statement,MEDIUM,USD
1e7adfad-5c5d-4a80-9590-78f4421bae72,11/12/2026 13:30:00,Continuing Jobless Claims,LOW,USD
ede3cb20-255d-46a8-ab72-b4551790d64d,11/12/2026 13:30:00,Initial Jobless Claims,MEDIUM,USD
9107e1a9-135c-43f3-9913-2b58f0a2049b,11/12/2026 13:30:00,Initial Jobless Claims 4-week average,LOW,USD
1f1b4ba6-5abc-4338-8f62-414d47de15d9,11/12/2026 15:00:00,Existing Home Sales (MoM),LOW,USD
39a5cbcc-bc44-41c3-916d-58b3a7c51611,11/12/2026 15:00:00,Existing Home Sales Change (MoM),MEDIUM,USD
944a7ecc-0ee6-4d45-8cc2-2c9edf300a88,11/12/2026 15:30:00,EIA Natural Gas Storage Change,LOW,USD
36b8fb69-adf0-45bf-8993-c3c499f33337,11/12/2026 16:30:00,4-Week Bill Auction,LOW,USD
3c4dcd95-aa1c-4aa1-be53-d8d70e6fb67e,11/12/2026 17:00:00,EIA Crude Oil Stocks Change,LOW,USD
3f41783f-5fcd-471f-b8f3-efffce820663,11/12/2026 17:00:00,EIA Distillate Stocks Change,LOW,USD
66bf2a98-a745-4857-a0ef-b71bea9a23c6,11/12/2026 17:00:00,EIA Gasoline Stocks Change,LOW,USD
e64c26db-341e-4cb6-a671-152d438e4452,11/12/2026 17:00:00,EIA Heating Oil Stocks Change,LOW,USD
d5421a5e-4da4-4d0c-a616-7e287bc3db79,11/12/2026 18:00:00,30-Year Bond Auction,LOW,USD
6f17fd45-9b35-417e-a00d-4a386d9d9689,11/13/2026 13:30:00,Producer Price Index (MoM),MEDIUM,USD
d1406aec-376e-4fe4-b6bd-dc009573b31e,11/13/2026 13:30:00,Producer Price Index (YoY),MEDIUM,USD
b09590d2-def1-4e53-a19f-a8cfd91acccf,11/13/2026 13:30:00,Producer Price Index ex Food & Energy (MoM),MEDIUM,USD
4b4a258c-07b2-4107-b8e4-335180759526,11/13/2026 13:30:00,Producer Price Index ex Food & Energy (YoY),HIGH,USD
2f12a50d-4063-4525-bc0e-999ff134f446,11/13/2026 18:00:00,Baker Hughes US Oil Rig Count,LOW,USD
ce1fce68-abbd-4c55-a0f4-71996e1f16b2,11/13/2026 20:30:00,CFTC Gold NC Net Positions,LOW,USD
0c505796-7303-4439-9d25-659784fed0da,11/13/2026 20:30:00,CFTC Oil NC Net Positions,LOW,USD
702da271-ed8e-4879-a0b5-41e5a88a10f7,11/13/2026 20:30:00,CFTC S&P 500 NC Net Positions,LOW,USD
01643b1f-4e19-4d7c-a600-4abf43426409,11/16/2026 13:30:00,NY Empire State Manufacturing Index,MEDIUM,USD
95f282e1-241d-40f4-bc8f-23eb079f7f1a,11/16/2026 16:30:00,3-Month Bill Auction,LOW,USD
a65a4c99-405d-4179-b79b-35d48661aa70,11/16/2026 16:30:00,6-Month Bill Auction,LOW,USD
80272b23-9f7b-4e08-9680-a962edad9606,11/17/2026 13:15:00,ADP Employment Change 4-week average,MEDIUM,USD
ea9a4f85-ab0b-4b80-9953-e6e65d7e17b0,11/17/2026 13:30:00,Export Price Index (MoM),LOW,USD
ac1c75fb-1878-4ce4-8903-c93f4c411dc4,11/17/2026 13:30:00,Export Price Index (YoY),LOW,USD
72b7b672-321f-4344-9cc5-467af667a3d3,11/17/2026 13:30:00,Import Price Index (MoM),LOW,USD
13989e37-c2b2-4924-b2a6-4d4aca4d6201,11/17/2026 13:30:00,Import Price Index (YoY),LOW,USD
94a81821-a5f9-49b8-aa91-78fa3992fb3c,11/17/2026 13:30:00,Retail Sales (MoM),HIGH,USD
17d941f7-46b4-4bfa-bdf7-fef3d1767d4c,11/17/2026 13:30:00,Retail Sales (YoY),LOW,USD
9e7b2e58-e6d0-417d-b9d7-56ea5eedecec,11/17/2026 13:30:00,Retail Sales Control Group,HIGH,USD
837638b4-f9c6-4f3b-bcff-e134eb83c20e,11/17/2026 13:30:00,Retail Sales ex Autos (MoM),MEDIUM,USD
c1e77c92-8222-4722-8ab0-738dddc3fd19,11/17/2026 13:55:00,Redbook Index (YoY),LOW,USD
3b3b4edf-9d0a-44c7-b75e-e9240d1898f2,11/17/2026 14:15:00,Capacity Utilization,LOW,USD
8f7d19b2-f146-48b2-a2b0-142df3a4cbdb,11/17/2026 14:15:00,Industrial Production (MoM),MEDIUM,USD
1616cfb8-ef53-4aa9-9a24-572a2f49844c,11/17/2026 15:00:00,Business Inventories,LOW,USD
906fcee5-f66b-4d54-893f-4f6d80220f83,11/17/2026 15:00:00,NAHB Housing Market Index,LOW,USD
aa30e5d0-6138-43d1-b4b5-7b8c198c3b3f,11/17/2026 21:30:00,API Weekly Crude Oil Stock,LOW,USD
9f3ec2d3-23e0-478c-8f1a-f88efda23d5a,11/18/2026 12:00:00,MBA Mortgage Applications,LOW,USD
4a6eb810-1a77-41d3-913e-34753160e15c,11/18/2026 13:30:00,Building Permits (MoM),MEDIUM,USD
d164006c-55c3-4c5f-8014-ec55ddd4698a,11/18/2026 13:30:00,Building Permits Change,LOW,USD
d44d06ba-95b8-4ff4-add7-bcd65964fb5a,11/18/2026 13:30:00,Housing Starts (MoM),MEDIUM,USD
a08bc30a-a62d-40b4-914e-a48edbcc09ef,11/18/2026 13:30:00,Housing Starts Change,LOW,USD
7595b1bc-753e-4d65-927a-2ed94deae7bd,11/18/2026 15:30:00,EIA Crude Oil Stocks Change,LOW,USD
00c99173-cd4c-4855-ae6f-3efed0642769,11/18/2026 15:30:00,EIA Distillate Stocks Change,LOW,USD
f1011f08-aeaa-44b9-bb07-d47a8146952e,11/18/2026 15:30:00,EIA Gasoline Stocks Change,LOW,USD
86b406a1-cdf5-4426-8b13-ab84a92fd886,11/18/2026 15:30:00,EIA Heating Oil Stocks Change,LOW,USD
125becc3-8f58-48df-b7a2-87763af4bf53,11/18/2026 18:00:00,20-Year Bond Auction,LOW,USD
d97b15ef-1df0-4a15-b58a-326c46646d1a,11/18/2026 19:00:00,FOMC Minutes,HIGH,USD
0144b396-e220-4a2f-bbfa-8872cb43a4fd,11/18/2026 21:00:00,Net Long-Term TIC Flows,LOW,USD
a192b245-9e73-4944-ae35-d32c18c15b5e,11/18/2026 21:00:00,Total Net TIC Flows,LOW,USD
cf9710da-4da3-4c08-869f-f8d452ba009a,11/19/2026 13:30:00,Continuing Jobless Claims,LOW,USD
f63465a7-efe9-47d1-baef-8c1a6558e837,11/19/2026 13:30:00,Initial Jobless Claims,MEDIUM,USD
963163ee-c4cd-44e1-9554-45297f47c825,11/19/2026 13:30:00,Initial Jobless Claims 4-week average,LOW,USD
685a12fd-f1f6-404a-afc4-28418c00a896,11/19/2026 13:30:00,Philadelphia Fed Manufacturing Survey,MEDIUM,USD
afd78c23-8b8d-4565-96be-6a602aa6856f,11/19/2026 15:00:00,Pending Home Sales (MoM),MEDIUM,USD
85ed3fb2-8647-4b2e-949a-97cc284cf176,11/19/2026 15:00:00,Pending Home Sales (YoY),LOW,USD
f7035b6c-5297-4d62-8189-aea3c49b112a,11/19/2026 15:30:00,EIA Natural Gas Storage Change,LOW,USD
e0606729-853d-41d8-84e5-30af4b281e45,11/19/2026 16:30:00,4-Week Bill Auction,LOW,USD
a3ba1622-0568-4da2-8dd3-ed64e899bd2a,11/19/2026 18:00:00,10-year TIPS Auction,LOW,USD
327a2365-a1ac-4567-b2ba-2dad26b47ef1,11/20/2026 15:00:00,Michigan Consumer Expectations Index,MEDIUM,USD
00ca8cbc-5856-4362-96a4-5afeb41711b6,11/20/2026 15:00:00,Michigan Consumer Sentiment Index,MEDIUM,USD
4a6697ae-befa-4bc0-802a-90772eadff1b,11/20/2026 15:00:00,UoM 1-year Consumer Inflation Expectations,MEDIUM,USD
96e1a763-8236-4aa0-ab99-153eb80fd0ff,11/20/2026 15:00:00,UoM 5-year Consumer Inflation Expectation,MEDIUM,USD
2552ffa0-f778-47c8-9371-26f1f4fb2f5f,11/20/2026 18:00:00,Baker Hughes US Oil Rig Count,LOW,USD
4b8228cb-669b-402e-9550-f038f8058c2f,11/20/2026 20:30:00,CFTC Gold NC Net Positions,LOW,USD
ccf3a457-3594-4cd1-82de-f68b40f6c904,11/20/2026 20:30:00,CFTC Oil NC Net Positions,LOW,USD
f8c140e2-577f-4541-bb5e-c7c41a90715d,11/20/2026 20:30:00,CFTC S&P 500 NC Net Positions,LOW,USD
33fcbcec-bb02-40f2-90f1-438687744ff6,11/23/2026 14:45:00,S&P Global Composite PMI,MEDIUM,USD
59eea359-055e-432e-abb9-1631399881f4,11/23/2026 14:45:00,S&P Global Manufacturing PMI,HIGH,USD
5a045d8e-2e1e-4b3c-85fb-78586fa73d89,11/23/2026 14:45:00,S&P Global Services PMI,HIGH,USD
8948cd5e-a5f8-43e6-9a82-dd9a0fbb8455,11/23/2026 16:30:00,3-Month Bill Auction,LOW,USD
6e5b3e7e-638d-468a-85eb-9d2dbf29ed32,11/23/2026 16:30:00,6-Month Bill Auction,LOW,USD
b18f94c5-eb8c-4fef-bcb2-be3cf93bafe3,11/23/2026 18:00:00,2-Year Note Auction,LOW,USD
3e2e32f4-4bd8-4efc-b96e-1c35186181c3,11/24/2026 13:15:00,ADP Employment Change 4-week average,MEDIUM,USD
77a1d0a3-3649-43ce-a99c-733e0fcc0ccd,11/24/2026 13:55:00,Redbook Index (YoY),LOW,USD
45df6d9f-d144-4565-b449-e0af73c41ad7,11/24/2026 14:00:00,Housing Price Index (MoM),MEDIUM,USD
f6043a02-e058-4735-a8c3-727a3c444ced,11/24/2026 14:00:00,S&P/Case-Shiller Home Price Indices (YoY),LOW,USD
691231f9-7b47-4f94-9576-61f33b9a1aa2,11/24/2026 15:00:00,Consumer Confidence,MEDIUM,USD
56cfa3ab-182b-4f66-b907-e02a786dc22a,11/24/2026 15:00:00,Richmond Fed Manufacturing Index,LOW,USD
90dac270-bf08-468e-bdf0-47e6f53149dc,11/24/2026 15:30:00,52-Week Bill Auction,LOW,USD
995c5516-e50f-4512-97c2-a0c0aa2ce207,11/24/2026 21:30:00,API Weekly Crude Oil Stock,LOW,USD
6f34cc0e-7451-4f7e-8acc-36ca7fc95e63,11/25/2026 12:00:00,MBA Mortgage Applications,LOW,USD
a43d0096-4880-4f3b-8c0e-b0081c7d3ee9,11/25/2026 13:30:00,Core Personal Consumption Expenditures (QoQ),MEDIUM,USD
fc581a47-9da2-42c0-99f2-8d398f7f5a99,11/25/2026 13:30:00,Durable Goods Orders,MEDIUM,USD
9372ad5f-dffe-417b-a927-3e39ad77aa3c,11/25/2026 13:30:00,Durable Goods Orders ex Defense,MEDIUM,USD
8f6721cc-b745-4c83-990a-fa7586c5e8a0,11/25/2026 13:30:00,Durable Goods Orders ex Transportation,MEDIUM,USD
bd90b87c-be04-4a81-9d61-f49c4152a0f3,11/25/2026 13:30:00,Gross Domestic Product Annualized,MEDIUM,USD
173b19e8-652d-467d-86c6-9a96bbc40efb,11/25/2026 13:30:00,Gross Domestic Product Price Index,MEDIUM,USD
d09fa664-2fa5-45d1-a556-4afa3ff8bd3d,11/25/2026 13:30:00,Nondefense Capital Goods Orders ex Aircraft,MEDIUM,USD
16ac5fe0-fb21-4eed-ae36-143031d9d8cf,11/25/2026 13:30:00,Personal Consumption Expenditures Prices (QoQ),MEDIUM,USD
6938e25d-18c2-425a-9bab-27d70845a03e,11/25/2026 15:00:00,New Home Sales (MoM),LOW,USD
7d45507d-7398-47e0-8231-0f1c156a066b,11/25/2026 15:00:00,New Home Sales Change (MoM),MEDIUM,USD
f6161bfd-b117-4df4-bdea-043b22ff9788,11/25/2026 15:30:00,EIA Crude Oil Stocks Change,LOW,USD
343458d9-b023-4b56-ae6f-91b4211983ef,11/25/2026 15:30:00,EIA Distillate Stocks Change,LOW,USD
b0959f76-684e-4b32-a590-eda6993c79c2,11/25/2026 15:30:00,EIA Gasoline Stocks Change,LOW,USD
f91a1070-345b-457a-856d-cd5feee69b96,11/25/2026 15:30:00,EIA Heating Oil Stocks Change,LOW,USD
b9cad217-8b58-4c24-9de6-ac048123e6e4,11/25/2026 17:00:00,EIA Natural Gas Storage Change,LOW,USD
90ca48e8-e391-450e-952b-939881dafec1,11/25/2026 18:00:00,5-Year Note Auction,LOW,USD
9807c577-b2a1-4636-9794-acf711490a27,11/25/2026 19:00:00,Fed's Beige Book,MEDIUM,USD
acc78656-3c1c-455a-9869-ffe5eecc6dfa,11/26/2026 13:30:00,"Chicago Fed National Activity Index ",LOW,USD
20dfc7e8-8e4a-4d0a-866d-2c68fdb38d38,11/26/2026 13:30:00,Continuing Jobless Claims,LOW,USD
2799ebac-b2e7-46c6-a1cf-c47a0f559063,11/26/2026 13:30:00,Initial Jobless Claims,MEDIUM,USD
812f996e-4011-40da-aa2e-f8f75a6dbd30,11/26/2026 13:30:00,Initial Jobless Claims 4-week average,LOW,USD
a82b91db-a309-45e5-b2e4-072f8a2632a8,11/26/2026 16:00:00,Kansas Fed Manufacturing Activity,LOW,USD
bd1b0059-dcb4-4658-9766-8eebab5f47bd,11/26/2026 16:30:00,4-Week Bill Auction,LOW,USD
620ffa8e-169a-4fbb-9ff6-71925900c1bb,11/26/2026 18:00:00,7-Year Note Auction,LOW,USD
319c9a4d-abe6-44dc-80c3-463a5bc94fee,11/27/2026 13:30:00,Core Personal Consumption Expenditures - Price Index (MoM),HIGH,USD
977e5a28-6554-4d7d-961d-cd730d905e84,11/27/2026 13:30:00,Core Personal Consumption Expenditures - Price Index (YoY),HIGH,USD
74040035-628d-475d-8526-9c5c5cc64534,11/27/2026 13:30:00,Goods Trade Balance,LOW,USD
9f03265e-0c87-46e9-ade0-9245202f612b,11/27/2026 13:30:00,Personal Consumption Expenditures - Price Index (MoM),MEDIUM,USD
fc222e03-3dc7-4d6b-85f8-881142da406b,11/27/2026 13:30:00,Personal Consumption Expenditures - Price Index (YoY),MEDIUM,USD
993d60c4-5fd3-49f5-ac03-2fecf2b26fdb,11/27/2026 13:30:00,Personal Income (MoM),MEDIUM,USD
8f3f6de5-8547-450d-a059-abe6708a16d5,11/27/2026 13:30:00,Personal Spending,MEDIUM,USD
51a0b6d5-151c-4fda-be5c-8cf288b51ebf,11/27/2026 13:30:00,Wholesale Inventories,LOW,USD
2e8f5d63-3d8b-4d4a-89bd-ad984e0f2bf4,11/27/2026 18:00:00,Baker Hughes US Oil Rig Count,LOW,USD
ebaea77a-9259-4128-aa05-b63d7984dbfd,11/27/2026 20:30:00,CFTC Gold NC Net Positions,LOW,USD
807bfad8-372b-44ae-8ef2-d83b8d3845f6,11/27/2026 20:30:00,CFTC Oil NC Net Positions,LOW,USD
a15cc5fb-4d40-4b47-a6b4-79ff6b0496bd,11/27/2026 20:30:00,CFTC S&P 500 NC Net Positions,LOW,USD
b429c023-2b67-40c7-873d-a2a836b88996,11/30/2026 14:45:00,Chicago PMI,MEDIUM,USD
9be61813-69fb-4fba-90ed-18b042154350,11/30/2026 15:30:00,Dallas Fed Manufacturing Business Index,LOW,USD
1ad02c75-4243-4027-98a2-e0a895272f49,11/30/2026 16:30:00,3-Month Bill Auction,LOW,USD
eb27147e-85c6-4b35-8415-60a0eaa52841,11/30/2026 16:30:00,6-Month Bill Auction,LOW,USD
73abda20-ab92-4bef-8fec-c9adb2a57525,12/01/2026 13:55:00,Redbook Index (YoY),LOW,USD
cda83f9b-8dfe-43e7-b169-7533dbaae3b2,12/01/2026 14:45:00,S&P Global Manufacturing PMI,LOW,USD
02332b51-c5f0-43ab-836b-3ca6781fd0bc,12/01/2026 15:00:00,Construction Spending (MoM),LOW,USD
2d9fadc3-ab48-4daf-bc88-b2f49394c010,12/01/2026 15:00:00,ISM Manufacturing Employment Index,MEDIUM,USD
86712452-5330-47a3-a71a-31993377cc4a,12/01/2026 15:00:00,ISM Manufacturing New Orders Index,MEDIUM,USD
53681dc8-a28d-4e2e-a81d-c62769e53606,12/01/2026 15:00:00,ISM Manufacturing PMI,HIGH,USD
31a27f32-74cb-414e-9b78-05fb51a3d9d8,12/01/2026 15:00:00,ISM Manufacturing Prices Paid,MEDIUM,USD
34577330-dbcd-4919-bf6f-b2069cec0e24,12/01/2026 15:00:00,JOLTS Job Openings,MEDIUM,USD
88dcdc11-21b1-4f35-8198-04af5052ffa3,12/01/2026 15:00:00,RealClearMarkets/TIPP Economic Optimism (MoM),LOW,USD
c6cf5bbd-be2e-4544-b62d-c16b7c60b137,12/01/2026 21:30:00,API Weekly Crude Oil Stock,LOW,USD
9cdf1b43-e047-43e2-b206-8f8a5b726c04,12/02/2026 12:00:00,MBA Mortgage Applications,LOW,USD
c06b7892-e635-4827-ac1a-b153aab0eb9b,12/02/2026 13:15:00,ADP Employment Change,HIGH,USD
93a0c7b3-8d29-4c8b-923b-80c04057ebc5,12/02/2026 15:30:00,EIA Crude Oil Stocks Change,LOW,USD
d466b7d8-19d0-4204-a212-7a9183f93067,12/02/2026 15:30:00,EIA Distillate Stocks Change,LOW,USD
c4a5c669-a597-4a05-8547-49e9c28877f9,12/02/2026 15:30:00,EIA Gasoline Stocks Change,LOW,USD
18113e3d-e1e0-4b56-8ad7-31c864cf4e75,12/02/2026 15:30:00,EIA Heating Oil Stocks Change,LOW,USD
45a7b802-4505-47f4-a162-c53824a645c2,12/02/2026 20:30:00,Total Vehicle Sales,LOW,USD
5c5d6b4c-ab3a-4049-b95b-9f17c2fac85d,12/03/2026 10:30:00,Challenger Job Cuts,MEDIUM,USD
ad49dd0b-da2a-4bf5-81e2-0bcbb120bfde,12/03/2026 13:30:00,Continuing Jobless Claims,LOW,USD
4d889abd-df04-4c86-87df-e71202dc1ff0,12/03/2026 13:30:00,Initial Jobless Claims,MEDIUM,USD
33fa6da1-02a4-400f-be8d-09d88b565577,12/03/2026 13:30:00,Initial Jobless Claims 4-week average,LOW,USD
ad291f77-96db-4b9c-8fc0-75bdd79f0ae8,12/03/2026 14:45:00,S&P Global Composite PMI,MEDIUM,USD
bdc6b4c8-018b-4aa8-86b7-890be2353598,12/03/2026 14:45:00,S&P Global Services PMI,LOW,USD
20985000-ef97-46e2-a6cc-d18bbf03cb83,12/03/2026 15:00:00,Factory Orders (MoM),MEDIUM,USD
e025cb24-f5f5-4be2-8f59-c3c2f7a7b965,12/03/2026 15:00:00,ISM Services Employment Index,MEDIUM,USD
efd97113-509d-4e4e-85b0-658a92086f2c,12/03/2026 15:00:00,ISM Services New Orders Index,MEDIUM,USD
5181b7e1-326c-4e28-9636-3fbaf38279d1,12/03/2026 15:00:00,ISM Services PMI,HIGH,USD
64708035-0916-4cfc-87f1-2965f096b3d3,12/03/2026 15:00:00,ISM Services Prices Paid,MEDIUM,USD
a2ceab7d-dbac-4867-b846-24b6310d80c2,12/03/2026 15:30:00,EIA Natural Gas Storage Change,LOW,USD
40bcbe6f-72c4-4775-8112-d47ac7fca2d6,12/03/2026 16:30:00,4-Week Bill Auction,LOW,USD
b49ee1fa-42a0-4273-995b-2eb1f7d68f3e,12/04/2026 13:30:00,Average Hourly Earnings (MoM),HIGH,USD
09a8ce2f-ea31-434b-9c97-68e820b28eac,12/04/2026 13:30:00,Average Hourly Earnings (YoY),HIGH,USD
04605e4a-82ec-44d6-8a5a-1b35f8538a09,12/04/2026 13:30:00,Average Weekly Hours,LOW,USD
b1b160fc-420a-43da-99e5-792865c389d8,12/04/2026 13:30:00,Labor Force Participation Rate,MEDIUM,USD
eec79d54-dcef-4c18-9314-ea051fefd13f,12/04/2026 13:30:00,Nonfarm Payrolls,HIGH,USD
284a102d-2b42-412e-8357-e8ad8730d73f,12/04/2026 13:30:00,U6 Underemployment Rate,MEDIUM,USD
d6c72528-7521-4397-8961-a382924bf061,12/04/2026 13:30:00,Unemployment Rate,MEDIUM,USD
83c0c7df-8b19-4a32-be99-4346d7580535,12/04/2026 15:00:00,Michigan Consumer Expectations Index,MEDIUM,USD
37382c85-1bad-4245-85f5-5a26a196507e,12/04/2026 15:00:00,Michigan Consumer Sentiment Index,HIGH,USD
b831ed6f-742b-4eaf-9b97-75b661fc3720,12/04/2026 15:00:00,UoM 1-year Consumer Inflation Expectations,MEDIUM,USD
2fbc2911-b619-4e73-b2bc-fc5d3a0cd6a9,12/04/2026 15:00:00,UoM 5-year Consumer Inflation Expectation,MEDIUM,USD
cc4bef68-0c11-40d6-a8c7-7ded1f2e2405,12/04/2026 18:00:00,Baker Hughes US Oil Rig Count,LOW,USD
c2c478ae-e74d-420c-8018-bae6478592d8,12/04/2026 20:30:00,CFTC Gold NC Net Positions,LOW,USD
8b65c122-d3fd-4652-958e-a11a64f5f961,12/04/2026 20:30:00,CFTC Oil NC Net Positions,LOW,USD
4996b99e-a1a3-4508-bd56-7c85b7576346,12/04/2026 20:30:00,CFTC S&P 500 NC Net Positions,LOW,USD
c094b0ac-12ba-4a09-9b40-dd97ad7d5f3f,12/07/2026 16:30:00,3-Month Bill Auction,LOW,USD
0c6360ac-d845-4876-87d8-cf9494eb0673,12/07/2026 16:30:00,6-Month Bill Auction,LOW,USD
95c065c3-b682-42bd-ae41-21bbc6a1b015,12/07/2026 20:00:00,Consumer Credit Change,LOW,USD
b075d5b9-3046-4a73-b8ba-e55afa265308,12/08/2026 11:00:00,NFIB Business Optimism Index,LOW,USD
9e1b8daa-8791-4cbf-a0cb-5943d9b4d58f,12/08/2026 13:15:00,ADP Employment Change 4-week average,MEDIUM,USD
a7a90641-9d13-4d25-8cd2-90331459b803,12/08/2026 13:30:00,Goods and Services Trade Balance,LOW,USD
b38acafa-32e0-494a-a7cf-488f00fd336e,12/08/2026 13:30:00,Goods Trade Balance,LOW,USD
979e28e7-e9fb-4543-874f-2474b25ed70a,12/08/2026 13:55:00,Redbook Index (YoY),LOW,USD
68274342-5ddb-4262-ade1-b53dce8c682b,12/08/2026 18:00:00,3-Year Note Auction,LOW,USD
3756a950-1510-4589-ad39-506702bbbecf,12/08/2026 21:30:00,API Weekly Crude Oil Stock,LOW,USD
9525ea7a-3f9c-44a0-8fc7-79850c46f03f,12/09/2026 12:00:00,MBA Mortgage Applications,LOW,USD
0f7b3fd9-c981-4560-823e-51cc16958b88,12/09/2026 15:00:00,Existing Home Sales (MoM),LOW,USD
a70b02a4-9025-42e2-94ae-7e4966d64ad7,12/09/2026 15:00:00,Existing Home Sales Change (MoM),MEDIUM,USD
884150d1-eaf5-4f17-b374-149f796d2237,12/09/2026 15:00:00,Wholesale Inventories,LOW,USD
f5d53f83-bce8-4077-b0fe-8fb9d1968e25,12/09/2026 15:30:00,EIA Crude Oil Stocks Change,LOW,USD
07285ef1-dc00-4bc6-8b9f-5098f8e94b58,12/09/2026 15:30:00,EIA Distillate Stocks Change,LOW,USD
554bf10b-19a4-4ed0-b5ca-e2c5e7c9a496,12/09/2026 15:30:00,EIA Gasoline Stocks Change,LOW,USD
d9f79102-a351-48df-962a-62d1fd7dbfa7,12/09/2026 15:30:00,EIA Heating Oil Stocks Change,LOW,USD
07139a1f-47ee-4fd4-83f6-e40e65d9e87a,12/09/2026 18:00:00,10-Year Note Auction,LOW,USD
0f5a2e3a-6db9-4a82-9624-600da78dde70,12/09/2026 19:00:00,Fed Interest Rate Decision,HIGH,USD
aaa8dbe3-191c-4112-bc06-658211f04879,12/09/2026 19:00:00,Fed Monetary Policy Statement,HIGH,USD
ac41acfc-a738-4066-bd15-2dd1cee91dd8,12/09/2026 19:00:00,FOMC Economic Projections,HIGH,USD
e471c5ef-8293-4620-b51b-9fe162df8f24,12/09/2026 19:00:00,Interest Rate Projections - 1st year,HIGH,USD
3f5cb5b3-0104-4f40-9451-d4661b345909,12/09/2026 19:00:00,Interest Rate Projections - 2nd year,HIGH,USD
ad96a1c8-4113-44a8-8d36-8af7892237c7,12/09/2026 19:00:00,Interest Rate Projections - 3rd year,HIGH,USD
891d5b3c-32cd-4cab-a2f8-b9401a40f048,12/09/2026 19:00:00,Interest Rate Projections - Current,HIGH,USD
c8a61f38-7d2a-40f7-b80e-bdfb9989d953,12/09/2026 19:00:00,Interest Rate Projections - Longer,HIGH,USD
e65f5992-b1d8-42a2-8660-e6d84ae40eec,12/09/2026 19:30:00,FOMC Press Conference,HIGH,USD
f48d1081-4638-4349-838c-2c331fffef8f,12/10/2026 13:30:00,Consumer Price Index (MoM),HIGH,USD
d66ce668-ef72-48d4-a230-a91c1eb8e758,12/10/2026 13:30:00,Consumer Price Index (YoY),HIGH,USD
40876ba0-ecb0-4912-bb2a-f304c15c0677,12/10/2026 13:30:00,Consumer Price Index Core s.a,LOW,USD
d7957d51-b4f6-40da-b91a-51c273ac6ae2,12/10/2026 13:30:00,Consumer Price Index ex Food & Energy (MoM),HIGH,USD
5e9d6b21-a7fd-47a4-b0eb-5b99d98deba8,12/10/2026 13:30:00,Consumer Price Index ex Food & Energy (YoY),HIGH,USD
0365d2bf-19f4-42b5-917c-327efd1b7c5f,12/10/2026 13:30:00,Consumer Price Index n.s.a (MoM),LOW,USD
fc429950-62db-4450-8f35-448cdfaa4270,12/10/2026 13:30:00,Continuing Jobless Claims,LOW,USD
582021b2-95d8-4ee5-8acc-e1a0b5b69c7b,12/10/2026 13:30:00,Initial Jobless Claims,MEDIUM,USD
52b7c44d-458b-4c66-ae64-d4e25c1adad7,12/10/2026 13:30:00,Initial Jobless Claims 4-week average,LOW,USD
e893c262-adfd-44cc-b11b-5848b55b4f4f,12/10/2026 13:30:00,Nonfarm Productivity,MEDIUM,USD
ce4cf7f1-8a42-4559-bb1e-5af9214da5ff,12/10/2026 13:30:00,Unit Labor Costs,MEDIUM,USD
7c49b037-32f8-4890-b41a-3a0735ffc3ee,12/10/2026 15:30:00,EIA Natural Gas Storage Change,LOW,USD
f5ec4377-2232-47b7-8097-529b7d150ff5,12/10/2026 16:30:00,4-Week Bill Auction,LOW,USD
56efb0fb-c915-4402-9e1d-960629807476,12/10/2026 17:00:00,USDA WASDE Report,LOW,USD
345c35da-3ad3-422d-9120-53d9defc15f0,12/10/2026 18:00:00,30-Year Bond Auction,LOW,USD
1367429f-f532-4d38-a69f-5e3971ef9fe6,12/10/2026 19:00:00,Monthly Budget Statement,MEDIUM,USD
26b4dab6-2265-454e-8657-ad70efa01fc2,12/11/2026 13:30:00,Retail Sales (MoM),HIGH,USD
956ec349-c843-4a57-87bd-2916260c10b1,12/11/2026 13:30:00,Retail Sales (YoY),LOW,USD
651de243-6e02-4385-ac0a-63d754ab48b6,12/11/2026 13:30:00,Retail Sales Control Group,HIGH,USD
28b447b9-60fb-451b-9c83-0373c800fe06,12/11/2026 13:30:00,Retail Sales ex Autos (MoM),MEDIUM,USD
ff5fe5e6-c6ac-4a0b-bb24-3c76d2594177,12/11/2026 18:00:00,Baker Hughes US Oil Rig Count,LOW,USD
90279cbd-772c-4ba2-bb43-299e9d2a4829,12/11/2026 20:30:00,CFTC Gold NC Net Positions,LOW,USD
91b926da-96ec-4364-b643-4173dc435249,12/11/2026 20:30:00,CFTC Oil NC Net Positions,LOW,USD
031b6efc-7bcb-4a10-8fea-918419245ccb,12/11/2026 20:30:00,CFTC S&P 500 NC Net Positions,LOW,USD
6b952096-1528-4d87-a92c-4ec6ced7a3f5,12/14/2026 16:30:00,3-Month Bill Auction,LOW,USD
b8dca0fa-29cf-4f6d-b3d0-c36e1cc42029,12/14/2026 16:30:00,6-Month Bill Auction,LOW,USD
8cdeffac-cfe9-4d4c-a958-a041004550b3,12/15/2026 13:15:00,ADP Employment Change 4-week average,MEDIUM,USD
65d715f5-b083-44da-a84f-1609380e9a14,12/15/2026 13:30:00,Producer Price Index (MoM),MEDIUM,USD
f0443842-f093-432b-9d0e-1096859e3d4e,12/15/2026 13:30:00,Producer Price Index (YoY),MEDIUM,USD
9b5e3fa3-76a8-4228-8b58-d1ec4ae353b7,12/15/2026 13:30:00,Producer Price Index ex Food & Energy (MoM),MEDIUM,USD
905878e9-2ccd-4c4a-9c76-f2d64513763b,12/15/2026 13:30:00,Producer Price Index ex Food & Energy (YoY),HIGH,USD
aa7be3a8-241c-4d12-a417-5b4c4e3b29d9,12/15/2026 13:55:00,Redbook Index (YoY),LOW,USD
7ecc75cb-fc44-47e8-b801-44da972c590e,12/15/2026 21:00:00,Net Long-Term TIC Flows,LOW,USD
fa1df148-e88b-465b-a061-16a3ae6dbc63,12/15/2026 21:00:00,Total Net TIC Flows,LOW,USD
8611976b-ade8-4249-97e0-adb50190cb15,12/15/2026 21:30:00,API Weekly Crude Oil Stock,LOW,USD
d662480b-72d0-496c-888a-0e77f6cb7f07,12/16/2026 12:00:00,MBA Mortgage Applications,LOW,USD
1c737205-ac27-4e88-8e49-dced43ae357f,12/16/2026 13:30:00,NY Empire State Manufacturing Index,MEDIUM,USD
37d757c8-3a3d-440d-b86f-6a8bf3a4531e,12/16/2026 14:15:00,Capacity Utilization,LOW,USD
abf40988-ad21-4280-a88c-73a560925c91,12/16/2026 14:15:00,Industrial Production (MoM),MEDIUM,USD
29e9a9c2-eee4-41af-9078-c04f31affa60,12/16/2026 15:00:00,Business Inventories,LOW,USD
118531a1-c90e-4062-a283-89d680d7afce,12/16/2026 15:00:00,NAHB Housing Market Index,LOW,USD
ad2bbb3f-f866-4ee8-8dfb-8ab54eebdabd,12/16/2026 15:30:00,EIA Crude Oil Stocks Change,LOW,USD
d60f9c3a-09b1-4c0a-a841-488a7a267aa8,12/16/2026 15:30:00,EIA Distillate Stocks Change,LOW,USD
5c001f8f-c289-48d0-b0f2-199a1c0148b1,12/16/2026 15:30:00,EIA Gasoline Stocks Change,LOW,USD
a82c94a2-d0bd-40f0-ae16-828fb114f344,12/16/2026 15:30:00,EIA Heating Oil Stocks Change,LOW,USD
077fbe51-1e33-43f1-b49d-efe6a01ac39b,12/17/2026 13:30:00,Building Permits (MoM),MEDIUM,USD
79d50e1c-3cc8-4b4b-a924-9aec40c1b157,12/17/2026 13:30:00,Building Permits Change,LOW,USD
e1e45b42-d0f3-461f-b367-7cf7a8f7a907,12/17/2026 13:30:00,Continuing Jobless Claims,LOW,USD
eae75e8a-4895-406b-8137-024f2425cf7a,12/17/2026 13:30:00,Export Price Index (MoM),LOW,USD
a1e2e30d-3481-408b-888e-6acdc78766c7,12/17/2026 13:30:00,Export Price Index (YoY),LOW,USD
935aa3f2-c02f-4977-80df-3dc185789928,12/17/2026 13:30:00,Housing Starts (MoM),MEDIUM,USD
76bd5999-bc29-405e-9588-79cdf4977541,12/17/2026 13:30:00,Housing Starts Change,LOW,USD
b76e69fe-fb8f-42d5-87d8-63415329b93e,12/17/2026 13:30:00,Import Price Index (MoM),LOW,USD
480d2ba9-3bed-42b7-bfab-18eb899f40da,12/17/2026 13:30:00,Import Price Index (YoY),LOW,USD
84a101d5-6597-4df1-a851-6ece0c4eae8c,12/17/2026 13:30:00,Initial Jobless Claims,MEDIUM,USD
90ba0f0b-8a84-4770-8bf9-9400f15fcebe,12/17/2026 13:30:00,Initial Jobless Claims 4-week average,LOW,USD
036fcf7b-18a1-4d9f-a151-d8886a2fc487,12/17/2026 13:30:00,Philadelphia Fed Manufacturing Survey,MEDIUM,USD
cad6bab8-4287-4bc8-9961-a73192dad595,12/17/2026 15:00:00,Pending Home Sales (MoM),MEDIUM,USD
dbb23a93-4be4-4cfd-af72-d6aba089a082,12/17/2026 15:00:00,Pending Home Sales (YoY),LOW,USD
009c6672-a398-4d8c-a52a-8342588a31ae,12/17/2026 15:30:00,EIA Natural Gas Storage Change,LOW,USD
084ac8d4-5a88-44a1-809d-6b1a31f43240,12/17/2026 16:00:00,Kansas Fed Manufacturing Activity,LOW,USD
21382312-6e38-49be-89db-d859f72c4d70,12/17/2026 16:30:00,4-Week Bill Auction,LOW,USD
e848f502-e72a-4c19-829b-5c8388026f00,12/17/2026 18:00:00,5-year TIPS Auction,LOW,USD
bd94bae2-28e0-4140-8fc9-19bee4ac9692,12/18/2026 13:30:00,Core Personal Consumption Expenditures - Price Index (MoM),HIGH,USD
8333849d-bc3a-4ad4-ba4f-53ce6a3ba79c,12/18/2026 13:30:00,Core Personal Consumption Expenditures - Price Index (YoY),HIGH,USD
6a6e300e-c9d5-4c20-98f0-d54eb04eec27,12/18/2026 13:30:00,Current Account,LOW,USD
aae3d45c-d716-42f0-8c67-463b2b45625a,12/18/2026 13:30:00,Personal Consumption Expenditures - Price Index (MoM),MEDIUM,USD
c6b0b6ab-4bc5-486c-8d1d-244c220d7aca,12/18/2026 13:30:00,Personal Consumption Expenditures - Price Index (YoY),MEDIUM,USD
04962c5f-cd9c-495b-8c2c-aca2f1afa8e4,12/18/2026 13:30:00,Personal Income (MoM),MEDIUM,USD
0ab24b97-55ed-45ff-92c4-d47e3a925b60,12/18/2026 13:30:00,Personal Spending,MEDIUM,USD
baa36f13-0bd7-49b3-a739-bcb7644b3e7b,12/18/2026 14:45:00,S&P Global Composite PMI,MEDIUM,USD
1d161402-f50b-4191-82f6-311755a0f8a1,12/18/2026 14:45:00,S&P Global Manufacturing PMI,HIGH,USD
25f3a260-7abe-480f-ba7e-709f2f19c9cc,12/18/2026 14:45:00,S&P Global Services PMI,HIGH,USD
2a67d3ce-b38a-4769-9ea7-cb15755b333e,12/18/2026 15:00:00,Michigan Consumer Expectations Index,MEDIUM,USD
9d9cbe3a-5dc8-4576-926d-29f3e5b823ae,12/18/2026 15:00:00,Michigan Consumer Sentiment Index,MEDIUM,USD
f77bac40-d21f-44e0-959f-c371a412e380,12/18/2026 15:00:00,UoM 1-year Consumer Inflation Expectations,MEDIUM,USD
e04eb2cf-57a3-47cd-b8cb-5fb075cda6bf,12/18/2026 18:00:00,Baker Hughes US Oil Rig Count,LOW,USD
5c6b6bcc-5a14-4655-907b-e40a84c6c880,12/18/2026 20:30:00,CFTC Gold NC Net Positions,LOW,USD
1b954fc7-963f-48b9-9eb7-739349cc2b1c,12/18/2026 20:30:00,CFTC Oil NC Net Positions,LOW,USD
54b2e191-4644-4b1e-9ba3-9196199b629d,12/18/2026 20:30:00,CFTC S&P 500 NC Net Positions,LOW,USD
2b16e8b0-dba5-4e21-bcd1-1fce1cc27b62,12/21/2026 16:30:00,3-Month Bill Auction,LOW,USD
483dd297-383a-47d8-93f4-41ecf39eff3d,12/21/2026 16:30:00,6-Month Bill Auction,LOW,USD
c4f609ba-96bd-42c3-ba91-2888f6f6b777,12/22/2026 13:15:00,ADP Employment Change 4-week average,MEDIUM,USD
ea9bb4e7-88c9-4884-b022-a8b521961365,12/22/2026 13:30:00,"Chicago Fed National Activity Index ",LOW,USD
d535e2ae-4931-4332-8ff1-6b51025fc98d,12/22/2026 13:30:00,Durable Goods Orders,MEDIUM,USD
bce888bc-c6d4-45c8-8333-52d4674613e7,12/22/2026 13:30:00,Durable Goods Orders ex Defense,MEDIUM,USD
9786df41-2ce7-4775-86bf-bba1577eeed4,12/22/2026 13:30:00,Durable Goods Orders ex Transportation,MEDIUM,USD
91152470-fd35-419c-b663-4415c9548ef4,12/22/2026 13:30:00,Nondefense Capital Goods Orders ex Aircraft,MEDIUM,USD
fd67f8a6-001f-4fa8-a9f9-b200f40c026a,12/22/2026 13:55:00,Redbook Index (YoY),LOW,USD
f53c4fae-f230-42c9-9a4f-923634a9fa83,12/22/2026 15:00:00,Richmond Fed Manufacturing Index,LOW,USD
f1746494-08b5-46af-a38b-1cac0fb09954,12/22/2026 21:30:00,API Weekly Crude Oil Stock,LOW,USD
8d6be8ff-ddc3-42e9-966c-de29d94a0a08,12/23/2026 12:00:00,MBA Mortgage Applications,LOW,USD
9d4f728e-3549-4cc4-9c64-a3abe7dcf231,12/23/2026 13:30:00,Continuing Jobless Claims,LOW,USD
c3bc9b8a-4219-458f-86c8-97d354b79904,12/23/2026 13:30:00,Core Personal Consumption Expenditures (QoQ),MEDIUM,USD
a35881ea-8f95-4f27-99d1-fd78893eeb66,12/23/2026 13:30:00,Gross Domestic Product Annualized,MEDIUM,USD
0016bbcc-9425-4899-a1be-efe70ea4ea15,12/23/2026 13:30:00,Gross Domestic Product Price Index,MEDIUM,USD
c4bcf9ed-5d44-499d-9d65-df4cc6d7857d,12/23/2026 13:30:00,Initial Jobless Claims,MEDIUM,USD
ab5b3a5b-c5b6-4bf5-8dfd-d610d9d81fb9,12/23/2026 13:30:00,Initial Jobless Claims 4-week average,LOW,USD
89ad942e-db7b-4982-a8d8-7ca656665e22,12/23/2026 13:30:00,Personal Consumption Expenditures Prices (QoQ),MEDIUM,USD
5c0d46a7-ee7f-4ba1-8995-7f04f92b8ef1,12/23/2026 15:00:00,New Home Sales (MoM),LOW,USD
eedbe494-c11f-478f-ba23-71b839182400,12/23/2026 15:00:00,New Home Sales Change (MoM),MEDIUM,USD
d38ffc7f-4385-43cd-9c52-86141a22f5af,12/23/2026 15:30:00,EIA Crude Oil Stocks Change,LOW,USD
cb4eae3a-6dfc-41f4-98b2-42bb28e2f663,12/23/2026 15:30:00,EIA Distillate Stocks Change,LOW,USD
f4a707b7-c87c-4b0a-b112-b21329dd2b05,12/23/2026 15:30:00,EIA Gasoline Stocks Change,LOW,USD
4eb0e847-d939-4fb5-95e6-d8e4f5147566,12/23/2026 15:30:00,EIA Heating Oil Stocks Change,LOW,USD
68296ca4-2eea-4505-ba99-f1021b927247,12/23/2026 16:30:00,4-Week Bill Auction,LOW,USD
cba09b8d-9c27-4cea-9c92-18fab5057394,12/23/2026 18:00:00,20-Year Bond Auction,LOW,USD
0cce440a-270e-44b4-8dd3-772e5cfa2d7d,12/24/2026 15:30:00,EIA Natural Gas Storage Change,LOW,USD
695bfaea-7a45-4204-89ff-aad50ec59eca,12/25/2026 15:00:00,UoM 5-year Consumer Inflation Expectation,MEDIUM,USD
d1e546be-0734-45f0-b9cb-e11a2bedc79c,12/25/2026 18:00:00,Baker Hughes US Oil Rig Count,LOW,USD
db19dc43-ecbf-408e-993e-20b8bd110d14,12/25/2026 20:30:00,CFTC Gold NC Net Positions,LOW,USD
755de4ed-c75a-4270-843e-9813a9c8eed7,12/25/2026 20:30:00,CFTC Oil NC Net Positions,LOW,USD
67c320ce-9f47-4112-8c81-c25cfb5e58b1,12/25/2026 20:30:00,CFTC S&P 500 NC Net Positions,LOW,USD
94893656-545f-479e-b475-1a36f05cd3c0,12/28/2026 13:30:00,Wholesale Inventories,LOW,USD
a3d052fb-2495-47fd-8775-871a121fa26f,12/28/2026 15:30:00,Dallas Fed Manufacturing Business Index,LOW,USD
5d241340-5500-4c6b-b933-0ac9023f5504,12/28/2026 16:30:00,3-Month Bill Auction,LOW,USD
7f1d8626-73c9-4ac7-abc5-3e9fb2d08c6a,12/28/2026 16:30:00,6-Month Bill Auction,LOW,USD
8edd5b5d-4593-4212-9938-8a2ebdba6d78,12/28/2026 18:00:00,2-Year Note Auction,LOW,USD
c6c4e68f-a915-4646-a3d1-a63bdfa5fe5d,12/28/2026 18:00:00,5-Year Note Auction,LOW,USD
90f77d6c-b275-4a23-a5e6-3c624ab8a679,12/29/2026 13:55:00,Redbook Index (YoY),LOW,USD
2cd9a1db-94c0-49cf-aa1c-75f2af145270,12/29/2026 14:00:00,Housing Price Index (MoM),MEDIUM,USD
3b3e4fe9-88bb-449b-90cf-d2b16cf2209e,12/29/2026 14:00:00,S&P/Case-Shiller Home Price Indices (YoY),LOW,USD
c284b768-1462-4025-bb2d-9c2408acc0e4,12/29/2026 15:00:00,Consumer Confidence,MEDIUM,USD
2a6ea0f4-3f81-4643-9dda-b5363c234a3d,12/29/2026 15:30:00,52-Week Bill Auction,LOW,USD
77bb9962-9137-4a9e-b0eb-20c745a0c548,12/29/2026 18:00:00,7-Year Note Auction,LOW,USD
4ff084fd-1814-4401-88c5-0def12e0d1a4,12/29/2026 21:30:00,API Weekly Crude Oil Stock,LOW,USD
325856e3-fb8e-497b-ad9f-9afc9dbce72b,12/30/2026 12:00:00,MBA Mortgage Applications,LOW,USD
c0e1d088-3a3a-4f51-ae8e-40ac7bf9be65,12/30/2026 13:30:00,Continuing Jobless Claims,LOW,USD
61ada45f-92fc-479c-bec0-6a161ba472f9,12/30/2026 13:30:00,Goods Trade Balance,LOW,USD
0a3b2a6a-1eb0-45e7-b9eb-60b697859588,12/30/2026 13:30:00,Initial Jobless Claims,MEDIUM,USD
4385fefc-0eac-4653-b5c0-168033774ab7,12/30/2026 13:30:00,Initial Jobless Claims 4-week average,LOW,USD
80b60a6c-38b9-4479-a336-a8935ce75f3b,12/30/2026 14:45:00,Chicago PMI,MEDIUM,USD
3e5fe1b4-c1d6-4b28-bc48-1dafa309b994,12/30/2026 15:30:00,EIA Crude Oil Stocks Change,LOW,USD
b047c1fc-fba9-4594-a72f-2b0381b1f16c,12/30/2026 15:30:00,EIA Distillate Stocks Change,LOW,USD
cf674847-fd46-4acb-84d2-f85086648157,12/30/2026 15:30:00,EIA Gasoline Stocks Change,LOW,USD
26f8ae5c-d889-4d98-9700-b7b0b6738188,12/30/2026 15:30:00,EIA Heating Oil Stocks Change,LOW,USD
3a229598-1dd9-4d0a-9554-20731c26d9ff,12/30/2026 16:30:00,4-Week Bill Auction,LOW,USD
e05a1327-3e9e-4beb-862b-fd71e5b569b9,12/31/2026 15:30:00,EIA Natural Gas Storage Change,LOW,USD
0652c2ec-abdd-4bf3-8a4e-09ee31fb3ccf,01/01/2027 13:30:00,Average Hourly Earnings (MoM),HIGH,USD
983aad37-8ae4-43cf-a1d3-08640fd76477,01/01/2027 13:30:00,Average Hourly Earnings (YoY),HIGH,USD
17779eea-21c5-474c-a6cf-2cea57f3669d,01/01/2027 13:30:00,Average Weekly Hours,LOW,USD
8f3add65-ca16-4bd7-a4a4-3fe73e0a7fc6,01/01/2027 13:30:00,Labor Force Participation Rate,MEDIUM,USD
14cabcee-65bb-4584-89f0-c77bf5452f78,01/01/2027 13:30:00,Nonfarm Payrolls,HIGH,USD
984c1b4b-3f98-4387-afd2-6c2d58d679ad,01/01/2027 13:30:00,U6 Underemployment Rate,MEDIUM,USD
b9c4d656-c336-4c49-bd86-088615ad9fc0,01/01/2027 13:30:00,Unemployment Rate,MEDIUM,USD
ae1dd4fc-da7f-47ac-939d-5b40c342bb9f,01/01/2027 18:00:00,Baker Hughes US Oil Rig Count,LOW,USD
6be3921d-86b1-4955-ba8c-625553e18927,01/01/2027 20:30:00,CFTC Gold NC Net Positions,LOW,USD
854c7b75-1598-4ef5-abd3-66c5b28dda31,01/01/2027 20:30:00,CFTC Oil NC Net Positions,LOW,USD
48d0b1d0-c4cd-478f-b523-20ad99ccc649,01/01/2027 20:30:00,CFTC S&P 500 NC Net Positions,LOW,USD
d2abfbca-47e6-40a1-9d9d-f3349629b4ed,01/04/2027 14:45:00,S&P Global Manufacturing PMI,LOW,USD
f2600b0e-099f-4c76-a0cb-dea4c44cdacf,01/04/2027 15:00:00,Construction Spending (MoM),LOW,USD
32059714-d592-49b8-bd74-eb242994f4ce,01/04/2027 15:00:00,ISM Manufacturing Employment Index,MEDIUM,USD
aa5d6a14-d213-4ec0-ba62-f26596db3c2d,01/04/2027 15:00:00,ISM Manufacturing New Orders Index,MEDIUM,USD
11142892-63d4-4722-993a-052125f49c2a,01/04/2027 15:00:00,ISM Manufacturing PMI,HIGH,USD
01ee7c7e-2e50-40b8-ba5a-52e00f999f98,01/04/2027 15:00:00,ISM Manufacturing Prices Paid,MEDIUM,USD
a0b06f4e-0950-4012-9219-5ead757d738b,01/04/2027 16:30:00,3-Month Bill Auction,LOW,USD
3b7e7f02-f917-4822-8b52-eb6e7db7fd61,01/04/2027 16:30:00,6-Month Bill Auction,LOW,USD
6be96a4a-db03-46f5-90a9-e109805be733,01/04/2027 20:30:00,Total Vehicle Sales,LOW,USD
93ca2172-954a-4f04-9724-c3dd62b1a47e,01/05/2027 13:30:00,Goods and Services Trade Balance,LOW,USD
1072b0a8-eab9-4fcf-a96f-c86b37abcc91,01/05/2027 13:30:00,Goods Trade Balance,LOW,USD
00c80777-b9fb-42e2-86a7-1e120d9d9f27,01/05/2027 13:55:00,Redbook Index (YoY),LOW,USD
6acaa0c9-2418-4f73-968e-c6237bfd449c,01/05/2027 15:00:00,JOLTS Job Openings,MEDIUM,USD
1d5276bf-8191-4fb1-8ee3-19508a9d88aa,01/05/2027 18:00:00,3-Year Note Auction,LOW,USD
4001bbbe-8fe1-451a-aa50-ee515f4fcc70,01/05/2027 21:30:00,API Weekly Crude Oil Stock,LOW,USD
bea0b01f-0356-4f36-9317-0e616c048887,01/06/2027 12:00:00,MBA Mortgage Applications,LOW,USD
124d9773-9579-4afa-8bc1-0ebf0e48c525,01/06/2027 13:15:00,ADP Employment Change,HIGH,USD
693858c9-a05e-4208-8353-a6b7ead42782,01/06/2027 14:45:00,S&P Global Composite PMI,MEDIUM,USD
80c22502-0607-46f6-a10b-55d39aa3c835,01/06/2027 14:45:00,S&P Global Services PMI,LOW,USD
dfe26632-3fb7-44e4-b2cd-47afc27a9425,01/06/2027 15:00:00,Factory Orders (MoM),MEDIUM,USD
8e751f99-8136-45bd-820d-9d6f53c7acbf,01/06/2027 15:00:00,ISM Services Employment Index,MEDIUM,USD
e87e46de-8fb1-4569-ae7d-a7e5e6c77e12,01/06/2027 15:00:00,ISM Services New Orders Index,MEDIUM,USD
da06b4b7-a3cc-40c2-b641-3961b670cba0,01/06/2027 15:00:00,ISM Services PMI,HIGH,USD
8248d600-9194-465f-aa1f-3a66e7ff1751,01/06/2027 15:00:00,ISM Services Prices Paid,MEDIUM,USD
0e5e5ee4-17af-4263-a4aa-a6a179682bd3,01/06/2027 15:30:00,EIA Crude Oil Stocks Change,LOW,USD
9493b928-9383-489c-b888-467fd2096f84,01/06/2027 15:30:00,EIA Distillate Stocks Change,LOW,USD
2fe52b32-5152-41e4-8ec2-c0a04466f99c,01/06/2027 15:30:00,EIA Gasoline Stocks Change,LOW,USD
fad9426e-6077-4413-95f5-7f0ace760136,01/06/2027 15:30:00,EIA Heating Oil Stocks Change,LOW,USD
30f82e10-536e-44ab-92d3-870f745bb483,01/06/2027 18:00:00,10-Year Note Auction,LOW,USD
db5befcf-52ee-478b-9e1d-c77775a9eb34,01/06/2027 19:00:00,FOMC Minutes,HIGH,USD
544e5f99-11b1-4315-be1f-228b1e6a68f5,01/07/2027 10:30:00,Challenger Job Cuts,MEDIUM,USD
7346082b-a6d7-423f-a970-64aa2e87384b,01/07/2027 13:30:00,Continuing Jobless Claims,LOW,USD
e8abc21c-06b7-4bb6-b0e5-98914a5df8c4,01/07/2027 13:30:00,Initial Jobless Claims,MEDIUM,USD
de2032bf-888b-4ad4-af3c-80d28b1f2f15,01/07/2027 13:30:00,Initial Jobless Claims 4-week average,LOW,USD
3a991a68-4799-4905-994f-929ab6e07a88,01/07/2027 15:30:00,EIA Natural Gas Storage Change,LOW,USD
7b0eb077-27ef-44cb-91db-e1a45dc88952,01/07/2027 16:30:00,4-Week Bill Auction,LOW,USD
51560ab0-b98e-455d-b488-45c90377adbc,01/07/2027 18:00:00,30-Year Bond Auction,LOW,USD
d6959b80-f699-4ead-a8a3-85c6940c6564,01/07/2027 20:00:00,Consumer Credit Change,LOW,USD
425d30d6-5fd7-4f03-b51c-c35f18f8dbf0,01/08/2027 15:00:00,Michigan Consumer Expectations Index,MEDIUM,USD
744ee24d-ad3c-4701-86ec-4965b324a3f2,01/08/2027 15:00:00,Michigan Consumer Sentiment Index,HIGH,USD
bb085c3f-e76c-468c-8e88-1e4512eca9e1,01/08/2027 15:00:00,UoM 1-year Consumer Inflation Expectations,MEDIUM,USD
0f94da05-4206-45a8-8ecf-18c168a5c79e,01/08/2027 15:00:00,UoM 5-year Consumer Inflation Expectation,MEDIUM,USD
536986db-be7d-4d8f-a07d-77b7db434df3,01/08/2027 15:00:00,Wholesale Inventories,LOW,USD
f30afd9c-03a7-49c4-b42b-5503d1c8c646,01/08/2027 18:00:00,Baker Hughes US Oil Rig Count,LOW,USD
22b88b9a-7ef7-4e81-ad56-b6dfb62309c6,01/08/2027 20:30:00,CFTC Gold NC Net Positions,LOW,USD
72019245-f962-4e85-ae05-cacc0b2d8021,01/08/2027 20:30:00,CFTC Oil NC Net Positions,LOW,USD
260ce50c-7bf1-4bf6-86a9-903afc5c6db1,01/08/2027 20:30:00,CFTC S&P 500 NC Net Positions,LOW,USD
35f780fe-19ea-4b7e-83bc-e7786df5f9bf,01/11/2027 16:30:00,3-Month Bill Auction,LOW,USD
874546ac-091a-4af2-972d-a2d686891795,01/11/2027 16:30:00,6-Month Bill Auction,LOW,USD
808198ca-b751-4f71-a9f2-5e87169d1525,01/12/2027 11:00:00,NFIB Business Optimism Index,LOW,USD
ac5333e8-da45-4233-acbd-55374ed50450,01/12/2027 13:15:00,ADP Employment Change 4-week average,MEDIUM,USD
1442a687-00b5-49de-b46f-4c9abe6d7cf7,01/12/2027 13:55:00,Redbook Index (YoY),LOW,USD
08041b3d-d564-4b20-917c-03c83db4361d,01/12/2027 15:00:00,RealClearMarkets/TIPP Economic Optimism (MoM),LOW,USD
6c56ddc7-1167-429d-890b-93f6082dd75a,01/12/2027 19:00:00,Monthly Budget Statement,MEDIUM,USD
0982e0c6-cdf8-43d0-8604-b71a194b5e23,01/12/2027 21:30:00,API Weekly Crude Oil Stock,LOW,USD
d714d231-a054-47bc-ab3b-7e0d5423f182,01/13/2027 12:00:00,MBA Mortgage Applications,LOW,USD
135822a9-bd43-403d-ac36-649bcb51e21b,01/13/2027 13:30:00,Producer Price Index (MoM),MEDIUM,USD
fd6f7695-63a9-4d3b-96e3-86386cdc70ce,01/13/2027 13:30:00,Producer Price Index (YoY),MEDIUM,USD
e6799b19-9dc8-4760-b966-683d1b5c5b8d,01/13/2027 13:30:00,Producer Price Index ex Food & Energy (MoM),MEDIUM,USD
72d17361-91b6-424a-ac84-b02edfa0eaa5,01/13/2027 13:30:00,Producer Price Index ex Food & Energy (YoY),HIGH,USD
a04de9ad-22da-4a98-8446-c9b350ce3097,01/13/2027 15:30:00,EIA Crude Oil Stocks Change,LOW,USD
c0c2234c-22e9-476f-81da-03e51ff44353,01/13/2027 15:30:00,EIA Distillate Stocks Change,LOW,USD
e5b92c80-9eb6-402d-9450-32f9bfc371e5,01/13/2027 15:30:00,EIA Gasoline Stocks Change,LOW,USD
5589d1cc-d681-4237-958c-3f227af7cbf3,01/13/2027 15:30:00,EIA Heating Oil Stocks Change,LOW,USD
8b587f98-a24c-4fb3-9a02-2eac50afc7e2,01/14/2027 13:30:00,Consumer Price Index (MoM),HIGH,USD
f997a3c2-69c3-4785-b3cf-0fd2365f6cbf,01/14/2027 13:30:00,Consumer Price Index (YoY),HIGH,USD
f98f0317-666c-4e30-87e4-808460864f99,01/14/2027 13:30:00,Consumer Price Index Core s.a,LOW,USD
02c6975e-eef6-43d8-8b6a-c2f2ef1f3c4b,01/14/2027 13:30:00,Consumer Price Index ex Food & Energy (MoM),HIGH,USD
d7916369-143f-4fc8-9ecd-a5a7cefb90c2,01/14/2027 13:30:00,Consumer Price Index ex Food & Energy (YoY),HIGH,USD
e3887aca-7a99-4036-96c3-896c58390926,01/14/2027 13:30:00,Consumer Price Index n.s.a (MoM),LOW,USD
e3cc6793-b740-4273-90ad-550b4c639e03,01/14/2027 13:30:00,Continuing Jobless Claims,LOW,USD
5d05fa87-054f-4edd-8c8d-17a383d0c04a,01/14/2027 13:30:00,Export Price Index (MoM),LOW,USD
78a6a420-8d61-4e71-8046-6651c346869c,01/14/2027 13:30:00,Export Price Index (YoY),LOW,USD
2b019fae-3ab8-41b4-815e-614a4b94fc72,01/14/2027 13:30:00,Import Price Index (MoM),LOW,USD
06f89bea-e902-42a3-9a8f-411a11a284b5,01/14/2027 13:30:00,Import Price Index (YoY),LOW,USD
5d24f77b-6de2-4790-b0a6-421e3c7041ae,01/14/2027 13:30:00,Initial Jobless Claims,MEDIUM,USD
3e5f9bd8-8454-4ea2-a2f3-beb29c8d9400,01/14/2027 13:30:00,Initial Jobless Claims 4-week average,LOW,USD
d996ee37-1162-4bc5-a45e-cd23eb3312b8,01/14/2027 15:30:00,EIA Natural Gas Storage Change,LOW,USD
d12ffba5-25f4-4b80-adc6-dee3ede6317d,01/14/2027 16:30:00,4-Week Bill Auction,LOW,USD
121f2acd-118c-424c-a7eb-06803fceec6d,01/15/2027 13:30:00,NY Empire State Manufacturing Index,MEDIUM,USD
2d3c413c-3bbb-4eba-9564-829cece732c8,01/15/2027 13:30:00,Retail Sales (MoM),HIGH,USD
b087325a-8f33-4118-99e2-bcb4dfffb82a,01/15/2027 13:30:00,Retail Sales (YoY),LOW,USD
8433253b-360d-455f-83a7-6bf4dabb3ed4,01/15/2027 13:30:00,Retail Sales Control Group,HIGH,USD
27348f82-7923-4177-8e83-34e73837a646,01/15/2027 13:30:00,Retail Sales ex Autos (MoM),MEDIUM,USD
2e971a21-fee8-44cd-b733-0e2b65c6f58f,01/15/2027 14:15:00,Capacity Utilization,LOW,USD
d56b7f95-3cdd-47ab-92e8-c683cf088c92,01/15/2027 14:15:00,Industrial Production (MoM),MEDIUM,USD
daf5bb37-2aca-417e-a30a-834de4330720,01/15/2027 15:00:00,Business Inventories,LOW,USD
e082d42f-d7d8-4b77-8c0f-89e6a430d831,01/15/2027 18:00:00,Baker Hughes US Oil Rig Count,LOW,USD
59fffe72-2910-42b9-87c0-add67a104b84,01/15/2027 20:30:00,CFTC Gold NC Net Positions,LOW,USD
c62eade5-05a5-46c5-9834-111abd641416,01/15/2027 20:30:00,CFTC Oil NC Net Positions,LOW,USD
25d3e281-f888-44dd-b400-8264fe5e1436,01/15/2027 20:30:00,CFTC S&P 500 NC Net Positions,LOW,USD
cd0f197a-5605-4c4b-a883-ce6fa37fb639,01/18/2027 15:00:00,NAHB Housing Market Index,LOW,USD
49796f53-cdb7-49c8-9cce-d1b5d41af116,01/18/2027 16:30:00,3-Month Bill Auction,LOW,USD
16990ca9-52a0-4db4-8bec-f84220c376d1,01/18/2027 16:30:00,6-Month Bill Auction,LOW,USD
294bc416-09a2-4058-bf19-af57c038bdd7,01/19/2027 13:15:00,ADP Employment Change 4-week average,MEDIUM,USD
ebc22175-d069-4d30-bb14-35588caf2409,01/19/2027 13:30:00,Building Permits (MoM),MEDIUM,USD
944608d9-7d82-4a7d-a27d-c0ce32a2e158,01/19/2027 13:30:00,Building Permits Change,LOW,USD
e1145c6c-f6e9-447e-83d9-19f0f48773aa,01/19/2027 13:30:00,Housing Starts (MoM),MEDIUM,USD
9e87b1e8-b1de-437c-8ef7-4d5bb29d9185,01/19/2027 13:30:00,Housing Starts Change,LOW,USD
45c45675-0f7c-449e-8162-ec6a113f5c0e,01/19/2027 13:55:00,Redbook Index (YoY),LOW,USD
53b0d906-4a10-4a07-9f8e-88f35cfe31f2,01/19/2027 15:30:00,52-Week Bill Auction,LOW,USD
42c0001f-c7e8-499f-82db-af61519fbd73,01/19/2027 21:00:00,Net Long-Term TIC Flows,LOW,USD
9b89acd8-a06c-4af2-b3ae-2838d9bbd96c,01/19/2027 21:00:00,Total Net TIC Flows,LOW,USD
ed8ed30d-c9cb-4e83-a2d2-c891fd8e4460,01/20/2027 12:00:00,MBA Mortgage Applications,LOW,USD
6d50e025-46be-4153-b04a-fcf5024c6cd9,01/20/2027 18:00:00,20-Year Bond Auction,LOW,USD
0ea48dd1-99ab-4536-9d65-5a1008fed120,01/20/2027 21:30:00,API Weekly Crude Oil Stock,LOW,USD
05c42640-ccf0-46db-bf62-35c1a5d148d2,01/21/2027 13:30:00,Continuing Jobless Claims,LOW,USD
74073b65-4ff4-4d2a-8630-9b5a08c8d59a,01/21/2027 13:30:00,Initial Jobless Claims,MEDIUM,USD
e48ae8a6-7dbf-49ae-9747-87282f9620a9,01/21/2027 13:30:00,Initial Jobless Claims 4-week average,LOW,USD
15ad13ea-5c2d-44df-b710-3c27a36ec8c9,01/21/2027 13:30:00,Philadelphia Fed Manufacturing Survey,MEDIUM,USD
a2337d07-47b2-42f1-9b02-c6188c88107f,01/21/2027 15:00:00,Existing Home Sales (MoM),LOW,USD
c2753756-aec3-47d7-82ee-e3cd15b3de98,01/21/2027 15:00:00,Existing Home Sales Change (MoM),MEDIUM,USD
0a720d86-4156-46e0-953a-2ff598157a75,01/21/2027 15:00:00,Pending Home Sales (MoM),MEDIUM,USD
2e3b3f20-a5c0-4680-a948-df4f6976f147,01/21/2027 15:00:00,Pending Home Sales (YoY),LOW,USD
0d161329-d146-412f-9805-8c891c9131b7,01/21/2027 15:30:00,EIA Natural Gas Storage Change,LOW,USD
979dd37b-10c0-47e5-bf8a-f8f0a029383f,01/21/2027 16:00:00,Kansas Fed Manufacturing Activity,LOW,USD
8703d4ad-3e68-4d8e-a389-2471db40c94c,01/21/2027 16:30:00,4-Week Bill Auction,LOW,USD
817bc8a7-5fd6-4cb0-9dc3-d5a86e011a04,01/21/2027 17:00:00,EIA Crude Oil Stocks Change,LOW,USD
b5fad78c-2518-4b84-b112-97068baf16bd,01/21/2027 17:00:00,EIA Distillate Stocks Change,LOW,USD
52b0c9f3-abf0-4bdc-8b78-2681f6af3561,01/21/2027 17:00:00,EIA Gasoline Stocks Change,LOW,USD
10c88436-131c-47fd-85f6-5118155aae1d,01/21/2027 17:00:00,EIA Heating Oil Stocks Change,LOW,USD
93801c55-c632-46cb-9971-0a6f60a5b4c3,01/21/2027 18:00:00,10-year TIPS Auction,LOW,USD
a5cf364c-70cd-4c94-9efb-067a07fce7fe,01/22/2027 14:45:00,S&P Global Composite PMI,MEDIUM,USD
47d00c14-9844-4747-8d71-29f7c448973a,01/22/2027 14:45:00,S&P Global Manufacturing PMI,HIGH,USD
6a48d145-101f-40e4-8a2c-37d8b52ed30f,01/22/2027 14:45:00,S&P Global Services PMI,HIGH,USD
3a810fee-e014-4d27-b166-71c717e8f5b8,01/22/2027 15:00:00,Michigan Consumer Expectations Index,MEDIUM,USD
69453115-7ccc-4d5e-bc61-2acfc620b950,01/22/2027 15:00:00,Michigan Consumer Sentiment Index,MEDIUM,USD
90bf0848-135f-4321-8207-73f639244821,01/22/2027 15:00:00,UoM 1-year Consumer Inflation Expectations,MEDIUM,USD
e9d39565-8a2b-43ee-a912-b21ce21b9191,01/22/2027 15:00:00,UoM 5-year Consumer Inflation Expectation,MEDIUM,USD
71d0c644-db32-4f93-b6a1-3f525963339e,01/22/2027 18:00:00,Baker Hughes US Oil Rig Count,LOW,USD
92016598-8f08-4e88-9da1-ece6c0af8c58,01/22/2027 20:30:00,CFTC Gold NC Net Positions,LOW,USD
a7803e92-c878-493d-b056-143b0e53fb10,01/22/2027 20:30:00,CFTC Oil NC Net Positions,LOW,USD
1e4b98f5-f7ff-47da-b7c1-995eeb958879,01/22/2027 20:30:00,CFTC S&P 500 NC Net Positions,LOW,USD
75472fcd-dfde-4c44-8b6b-4237c02b9c7e,01/25/2027 13:30:00,"Chicago Fed National Activity Index ",LOW,USD
90ca71fd-b30b-4bef-b469-6bc239db08d2,01/25/2027 15:00:00,New Home Sales (MoM),LOW,USD
6d2c0b25-9464-415b-92e8-0af92495dd66,01/25/2027 15:00:00,New Home Sales Change (MoM),MEDIUM,USD
ebeb2d8f-6edf-4277-a7eb-725bea6c7c1c,01/25/2027 16:30:00,3-Month Bill Auction,LOW,USD
94c59ed7-f663-41c6-bd0d-1819af4c75ef,01/25/2027 16:30:00,6-Month Bill Auction,LOW,USD
a0c4dbeb-d628-4c55-91df-344098c11ef0,01/26/2027 13:15:00,ADP Employment Change 4-week average,MEDIUM,USD
1024ec3c-b638-46eb-abe8-1d412754a94f,01/26/2027 13:55:00,Redbook Index (YoY),LOW,USD
771a3317-dce5-40ca-b335-a3ce06ddb90d,01/26/2027 14:00:00,Housing Price Index (MoM),MEDIUM,USD
128d0061-99f5-4782-927a-e013f8aa63d7,01/26/2027 14:00:00,S&P/Case-Shiller Home Price Indices (YoY),LOW,USD
136a40fa-ca98-4d10-8bca-826edfc36221,01/26/2027 15:00:00,Consumer Confidence,MEDIUM,USD
857d91b5-90d9-40d2-963f-bd29a55d177f,01/26/2027 15:00:00,Richmond Fed Manufacturing Index,LOW,USD
6e10396e-485e-42b6-ae4c-3c4263e48087,01/26/2027 15:30:00,Dallas Fed Manufacturing Business Index,LOW,USD
683c8914-f091-4dbb-9336-4f2e66c4635e,01/26/2027 18:00:00,2-Year Note Auction,LOW,USD
2d35b0ca-2066-473f-973d-9fc11ddbd7f7,01/26/2027 18:00:00,5-Year Note Auction,LOW,USD
7a7e0dbe-fe38-4386-8579-c16e33e43e89,01/26/2027 21:30:00,API Weekly Crude Oil Stock,LOW,USD
555a055f-c589-4394-9ad8-fd33b0127148,01/27/2027 12:00:00,MBA Mortgage Applications,LOW,USD
96520e4b-4b96-4603-87e5-d216ecd4b6af,01/27/2027 13:30:00,Durable Goods Orders,MEDIUM,USD
639a7f76-eb08-4d6f-b129-c5fb681eaf7d,01/27/2027 13:30:00,Durable Goods Orders ex Defense,MEDIUM,USD
3c0bc89d-e887-47bd-9ce7-a163eff48673,01/27/2027 13:30:00,Durable Goods Orders ex Transportation,MEDIUM,USD
906f12fc-06b2-4f93-8348-de9e1a702d58,01/27/2027 13:30:00,Nondefense Capital Goods Orders ex Aircraft,MEDIUM,USD
fe59b6e3-1682-497e-b6d5-dc5df75de4b4,01/27/2027 15:30:00,EIA Crude Oil Stocks Change,LOW,USD
6e677d95-0785-4480-918f-3f31ff23da8e,01/27/2027 15:30:00,EIA Distillate Stocks Change,LOW,USD
1665bf60-65c6-4f30-aec3-b914201d73d6,01/27/2027 15:30:00,EIA Gasoline Stocks Change,LOW,USD
bb6aeea8-1b0e-4e0b-8ebc-04df13be9211,01/27/2027 15:30:00,EIA Heating Oil Stocks Change,LOW,USD
9f28fc24-a9af-411c-b751-3569ff16ba74,01/27/2027 18:00:00,7-Year Note Auction,LOW,USD
57ee874c-f3c1-488e-9b0c-55a1d43d7de7,01/27/2027 19:00:00,Fed Interest Rate Decision,HIGH,USD
b60dfe46-3e2f-4257-a6d6-e275b061713d,01/27/2027 19:00:00,Fed Monetary Policy Statement,HIGH,USD
7ffe24b9-6acd-4ce3-8b46-ccc2967a9838,01/27/2027 19:30:00,FOMC Press Conference,HIGH,USD
db2750d8-cf68-450a-814e-f1bfa156837a,01/28/2027 13:30:00,Continuing Jobless Claims,LOW,USD
5dfd3332-32dc-4866-a2ea-d84d10d158ee,01/28/2027 13:30:00,Core Personal Consumption Expenditures (QoQ),MEDIUM,USD
4b958ea6-7709-4aa9-9611-0b15fb57be47,01/28/2027 13:30:00,Goods Trade Balance,LOW,USD
c4528d7a-d67b-498b-bfce-64ae1a54c4e1,01/28/2027 13:30:00,Gross Domestic Product Annualized,HIGH,USD
f533417f-1fdf-4cc6-b9b3-d741ae04d349,01/28/2027 13:30:00,Gross Domestic Product Price Index,HIGH,USD
c4c34d87-a982-4480-a94a-b4c0f2844be4,01/28/2027 13:30:00,Initial Jobless Claims,MEDIUM,USD
ceac2937-4679-463a-8d65-8757104746fd,01/28/2027 13:30:00,Initial Jobless Claims 4-week average,LOW,USD
4a37df80-7f25-43ab-9ca5-61e2d1e2b5ba,01/28/2027 13:30:00,Personal Consumption Expenditures Prices (QoQ),MEDIUM,USD
a0eead0f-6672-4d8c-9989-75052e750ffb,01/28/2027 13:30:00,Wholesale Inventories,LOW,USD
797e505e-918e-455a-b0c7-7483c132e586,01/28/2027 15:30:00,EIA Natural Gas Storage Change,LOW,USD
eafb4c3a-bb53-4f11-b4bb-e98d0d742002,01/28/2027 16:30:00,4-Week Bill Auction,LOW,USD
19522570-11f3-46b1-b198-d3fd9fc4ab4b,01/29/2027 13:30:00,Core Personal Consumption Expenditures - Price Index (MoM),HIGH,USD
f9ed2f83-9c52-4096-83d6-e79f61bfe4ea,01/29/2027 13:30:00,Core Personal Consumption Expenditures - Price Index (YoY),HIGH,USD
5f95f1dc-f21f-48a3-a23f-c79e5fd071d8,01/29/2027 13:30:00,Employment Cost Index,MEDIUM,USD
f2f88849-79db-41ae-b45c-2c420d8f5e93,01/29/2027 13:30:00,Personal Consumption Expenditures - Price Index (MoM),MEDIUM,USD
a6be6618-5c33-4c16-ba1a-9a022191687f,01/29/2027 13:30:00,Personal Consumption Expenditures - Price Index (YoY),MEDIUM,USD
777da7ae-a4aa-4be2-8cbd-65f84c3c21bb,01/29/2027 13:30:00,Personal Income (MoM),MEDIUM,USD
75d0a76c-db0b-4f2b-acd8-6b892d2aca46,01/29/2027 13:30:00,Personal Spending,MEDIUM,USD
1f4a3fff-939e-4e4a-9329-32ba67b982e4,01/29/2027 14:45:00,Chicago PMI,MEDIUM,USD
797c137e-3637-4b79-b24f-f502015f4773,01/29/2027 18:00:00,Baker Hughes US Oil Rig Count,LOW,USD
4b301edd-f941-4c68-bb7f-359b4b8ade1d,01/29/2027 20:30:00,CFTC Gold NC Net Positions,LOW,USD
e8e2aed6-0284-41bc-bb8b-5df5fb0e8368,01/29/2027 20:30:00,CFTC Oil NC Net Positions,LOW,USD
ce7917e9-346e-4f2d-bf7f-a3965c93f053,01/29/2027 20:30:00,CFTC S&P 500 NC Net Positions,LOW,USD
ecabc8f1-6d75-4adc-84fe-e14ebcfe7823,02/01/2027 14:45:00,S&P Global Manufacturing PMI,LOW,USD
0eedb38d-f2d7-49d4-8e72-a6bd0bc9b4ff,02/01/2027 15:00:00,Construction Spending (MoM),LOW,USD
06652b90-2b30-49a6-9b9b-cb81d1b0420c,02/01/2027 15:00:00,ISM Manufacturing Employment Index,MEDIUM,USD
9bb0074e-2868-45e7-ae1f-307e5821e03f,02/01/2027 15:00:00,ISM Manufacturing New Orders Index,MEDIUM,USD
fd1d7305-43da-470c-b1ca-4685e54d4822,02/01/2027 15:00:00,ISM Manufacturing PMI,HIGH,USD
da24e5c4-b22a-41e4-8b58-ba5b55f806a9,02/01/2027 15:00:00,ISM Manufacturing Prices Paid,MEDIUM,USD
965308ae-b151-4def-87ae-ec49eb35686e,02/01/2027 16:30:00,3-Month Bill Auction,LOW,USD
9bae3a96-e9db-4f52-ba4d-8f5809ead647,02/01/2027 16:30:00,6-Month Bill Auction,LOW,USD
a03e3c0c-5fac-4890-8b71-017e9ac06932,02/01/2027 19:00:00,Loan Officer Survey,MEDIUM,USD
aea0f3ac-60e5-4b11-aed5-8f56c833c45c,02/02/2027 13:55:00,Redbook Index (YoY),LOW,USD
019fecc7-0cb1-4ce8-957b-cd12b1e13d29,02/02/2027 15:00:00,Factory Orders (MoM),MEDIUM,USD
d9144b95-8e48-4a33-93ee-6dadde3996df,02/02/2027 15:00:00,JOLTS Job Openings,MEDIUM,USD
457d7161-561a-4134-8801-1980087a9ffd,02/02/2027 15:00:00,RealClearMarkets/TIPP Economic Optimism (MoM),LOW,USD
1d1ab309-b795-45fb-be54-8c7d6715ac56,02/02/2027 20:30:00,Total Vehicle Sales,LOW,USD
1e87714f-149a-4689-ad2a-8d37ffcf69b5,02/02/2027 21:30:00,API Weekly Crude Oil Stock,LOW,USD
3a227394-3f42-4570-a6e4-6b485c0586ba,02/03/2027 12:00:00,MBA Mortgage Applications,LOW,USD
9156fc30-bbb8-4ed4-94b9-938e02d94af0,02/03/2027 13:15:00,ADP Employment Change,HIGH,USD
c4bbbd29-e2bd-4f16-a98a-f7710f0176c1,02/03/2027 13:30:00,Goods and Services Trade Balance,LOW,USD
b3a56652-45df-496f-8d9e-4ad5869bb6bd,02/03/2027 13:30:00,Goods Trade Balance,LOW,USD
8b38fb8a-46f7-4195-a5f9-e1c7f14a539d,02/03/2027 14:45:00,S&P Global Composite PMI,MEDIUM,USD
aa79292a-a689-4c73-8113-41ed392a657a,02/03/2027 14:45:00,S&P Global Services PMI,LOW,USD
3907b4b7-f1c3-479d-bfbb-55788db71b4d,02/03/2027 15:00:00,ISM Services Employment Index,MEDIUM,USD
3fe6bf70-c1e3-4f14-b1c2-f3810fff9006,02/03/2027 15:00:00,ISM Services New Orders Index,MEDIUM,USD
fea55812-d24b-459b-81be-57b6668d0801,02/03/2027 15:00:00,ISM Services PMI,HIGH,USD
848d7dc3-7d95-4023-b55e-bd39e7ccd235,02/03/2027 15:00:00,ISM Services Prices Paid,MEDIUM,USD
7c98407c-ee03-46a3-8f54-082e4cdca49d,02/03/2027 15:30:00,EIA Crude Oil Stocks Change,LOW,USD
67d8dde5-a89c-4feb-b4af-9b201171dd61,02/03/2027 15:30:00,EIA Distillate Stocks Change,LOW,USD
4e7de999-3065-42c4-82da-7a0d33a66942,02/03/2027 15:30:00,EIA Gasoline Stocks Change,LOW,USD
5c42d917-a7bb-43dc-8549-de714b3b0a2f,02/03/2027 15:30:00,EIA Heating Oil Stocks Change,LOW,USD
3956d342-5b34-4770-92f7-d120d3699301,02/04/2027 10:30:00,Challenger Job Cuts,MEDIUM,USD
d08bc0c1-8314-4af4-a642-f7b59c6790b5,02/04/2027 13:30:00,Continuing Jobless Claims,LOW,USD
6aa83fc7-722b-48bd-817c-03e0f3a87e69,02/04/2027 13:30:00,Initial Jobless Claims,MEDIUM,USD
18cf3231-c806-43f7-b183-f19379b4c8cd,02/04/2027 13:30:00,Initial Jobless Claims 4-week average,LOW,USD
bbb1724c-b9d6-4f7d-aa8d-67aceae51b94,02/04/2027 13:30:00,Nonfarm Productivity,MEDIUM,USD
653e32f7-3dc0-4979-9499-cf3f7c8e1eca,02/04/2027 13:30:00,Unit Labor Costs,MEDIUM,USD
0d5d034e-3b23-4be0-a294-d50f5ffd4011,02/04/2027 15:30:00,EIA Natural Gas Storage Change,LOW,USD
a9713257-851a-4cee-8b60-472cb8bafbbe,02/04/2027 16:30:00,4-Week Bill Auction,LOW,USD
2220cceb-ea93-4426-9855-6e88a75e9c38,02/05/2027 13:30:00,Average Hourly Earnings (MoM),HIGH,USD
aa89e6ff-6250-474d-b527-f01c1d2f65ce,02/05/2027 13:30:00,Average Hourly Earnings (YoY),HIGH,USD
5b99e778-7575-41a8-8308-be6894b14294,02/05/2027 13:30:00,Average Weekly Hours,LOW,USD
728397b8-325b-40fe-b8a2-96d7e686c9dd,02/05/2027 13:30:00,Labor Force Participation Rate,MEDIUM,USD
1511ff9d-e3a7-42a7-8f19-b6d31640d020,02/05/2027 13:30:00,Nonfarm Payrolls,HIGH,USD
cf6cc1c9-b129-448d-92c0-49b347a222c8,02/05/2027 13:30:00,U6 Underemployment Rate,MEDIUM,USD
11aedfb4-c073-49bf-8dbe-25f35967bfb3,02/05/2027 13:30:00,Unemployment Rate,MEDIUM,USD
fe7901a4-0a7a-448a-a1b6-785c73c19384,02/05/2027 18:00:00,Baker Hughes US Oil Rig Count,LOW,USD
3b8de452-7f71-4050-b97d-e95f917da3f2,02/05/2027 20:00:00,Consumer Credit Change,LOW,USD
52a11c4d-b083-42d5-8f23-a209d00c2da5,02/05/2027 20:30:00,CFTC Gold NC Net Positions,LOW,USD
1521822b-2dce-4f0c-b640-419746c2671d,02/05/2027 20:30:00,CFTC Oil NC Net Positions,LOW,USD
55a6edf6-1eef-462f-9026-4ea731f455d6,02/05/2027 20:30:00,CFTC S&P 500 NC Net Positions,LOW,USD
8a90f85c-f8de-4c8e-957b-8e2397a9f741,02/08/2027 16:30:00,3-Month Bill Auction,LOW,USD
13769ea3-1d61-4afa-99de-360e912626ec,02/08/2027 16:30:00,6-Month Bill Auction,LOW,USD
6a8b60b7-0f4e-498b-b72e-f337d45a96ae,02/09/2027 11:00:00,NFIB Business Optimism Index,LOW,USD
8cb153b9-cb58-4b13-98ee-1a28963006cf,02/09/2027 13:15:00,ADP Employment Change 4-week average,MEDIUM,USD
accaadc1-a988-4a15-9e3f-6ad3c64b9861,02/09/2027 13:55:00,Redbook Index (YoY),LOW,USD
325c2819-938c-4576-9f07-b048ee727c03,02/09/2027 18:00:00,3-Year Note Auction,LOW,USD
bb81207d-0def-469c-860e-1f04feb25870,02/09/2027 21:30:00,API Weekly Crude Oil Stock,LOW,USD
65810e6d-bf5d-4135-86ab-31f223b05441,02/10/2027 12:00:00,MBA Mortgage Applications,LOW,USD
c5df3857-71e0-43f4-8718-a2c4b360cf95,02/10/2027 15:00:00,Business Inventories,LOW,USD
3f4c7ac3-79f1-47f8-8225-667635c7498b,02/10/2027 15:30:00,EIA Crude Oil Stocks Change,LOW,USD
49aa4d72-3e6c-48b1-be05-fd2a1fe70b8b,02/10/2027 15:30:00,EIA Distillate Stocks Change,LOW,USD
c930dffa-2a47-4fda-9981-fe01e4d1beb8,02/10/2027 15:30:00,EIA Gasoline Stocks Change,LOW,USD
b9763f11-8df0-44cc-afd6-ef93dae5f77d,02/10/2027 15:30:00,EIA Heating Oil Stocks Change,LOW,USD
a3f05b05-dbd2-4956-b12f-08c0e929c6d0,02/10/2027 18:00:00,10-Year Note Auction,LOW,USD
51d66c91-5359-4583-82a4-6400f9463f30,02/11/2027 13:30:00,Consumer Price Index (MoM),HIGH,USD
3a3d2bb2-1ffa-41f2-9689-21a7a871b85d,02/11/2027 13:30:00,Consumer Price Index (YoY),HIGH,USD
81bb5ef2-7507-4f5d-9379-56c91e3ab7e8,02/11/2027 13:30:00,Consumer Price Index Core s.a,LOW,USD
c244c128-615f-4838-b409-2bc9985af794,02/11/2027 13:30:00,Consumer Price Index ex Food & Energy (MoM),HIGH,USD
83022d4a-d90a-4fcd-ab52-adaac854f669,02/11/2027 13:30:00,Consumer Price Index ex Food & Energy (YoY),HIGH,USD
66c26d50-d0c0-4bed-bcd5-830b996ce3de,02/11/2027 13:30:00,Consumer Price Index n.s.a (MoM),LOW,USD
694357b4-2c75-4fd2-9570-ef796e17e25c,02/11/2027 13:30:00,Continuing Jobless Claims,LOW,USD
43c4180a-989b-47bc-b8c6-2c3cc67687d9,02/11/2027 13:30:00,Initial Jobless Claims,MEDIUM,USD
b8fb7887-0304-47c6-9f15-a87a07bb34c4,02/11/2027 13:30:00,Initial Jobless Claims 4-week average,LOW,USD
ebb70058-aacf-4fa4-90f8-4a96136c8aec,02/11/2027 15:00:00,Wholesale Inventories,LOW,USD
451be686-1553-40fd-9c47-1c263ddee08a,02/11/2027 15:30:00,EIA Natural Gas Storage Change,LOW,USD
f6a905a0-3645-49a8-b219-6d1922fc464e,02/11/2027 16:30:00,4-Week Bill Auction,LOW,USD
f38eddc5-9e7b-4a99-922b-5a47b98768e5,02/11/2027 18:00:00,30-Year Bond Auction,LOW,USD
37fa2c8d-ce7f-4544-8afd-59c161353740,02/11/2027 19:00:00,Monthly Budget Statement,MEDIUM,USD
a524d18b-803f-4de2-be84-9af6a64cfe3e,02/12/2027 13:30:00,Export Price Index (MoM),LOW,USD
3cf3eeb7-750a-47b9-914f-20f9c5c4ba0b,02/12/2027 13:30:00,Export Price Index (YoY),LOW,USD
8ef5f232-1a8b-4b95-b1c7-58567a429a6f,02/12/2027 13:30:00,Import Price Index (MoM),LOW,USD
7f1d4538-db5b-47c0-a9e1-ab2cc3bc3f31,02/12/2027 13:30:00,Import Price Index (YoY),LOW,USD
245eb830-dd32-46d2-8dcb-249f2753463d,02/12/2027 13:30:00,Producer Price Index (MoM),MEDIUM,USD
f9ae11a6-6e57-48ea-aa14-a6cf519e02d6,02/12/2027 13:30:00,Producer Price Index (YoY),MEDIUM,USD
f9898fb5-c2cf-4e46-91fa-2683c4ace34d,02/12/2027 13:30:00,Producer Price Index ex Food & Energy (MoM),MEDIUM,USD
65e1d11f-ac3e-4c6e-b062-559d84e1c400,02/12/2027 13:30:00,Producer Price Index ex Food & Energy (YoY),HIGH,USD
65684363-3cff-4430-ba07-283badd1e44f,02/12/2027 15:00:00,Michigan Consumer Expectations Index,MEDIUM,USD
711e7c80-db0f-4453-a4d1-9305d99d8991,02/12/2027 15:00:00,Michigan Consumer Sentiment Index,HIGH,USD
69dbcbf7-bb23-4ebe-a3c3-ca26e3dee50f,02/12/2027 15:00:00,UoM 1-year Consumer Inflation Expectations,MEDIUM,USD
c4686b67-dabc-4786-902e-db0b4b409d43,02/12/2027 15:00:00,UoM 5-year Consumer Inflation Expectation,MEDIUM,USD
ae9c383b-4605-4bc2-9831-fe76e22409d7,02/12/2027 18:00:00,Baker Hughes US Oil Rig Count,LOW,USD
0c880099-d332-4a92-8659-cbdd8d0b66f0,02/12/2027 20:30:00,CFTC Gold NC Net Positions,LOW,USD
df1f95ba-1196-44b3-be5a-8953047fbae2,02/12/2027 20:30:00,CFTC Oil NC Net Positions,LOW,USD
8a1fd077-ebf1-4405-ba86-330bcf03912c,02/12/2027 20:30:00,CFTC S&P 500 NC Net Positions,LOW,USD
ae936c45-e234-4638-aa49-3e4758f32a4d,02/15/2027 13:30:00,NY Empire State Manufacturing Index,MEDIUM,USD
9683e5cb-91a5-458d-b905-3bab7bfec062,02/15/2027 16:30:00,3-Month Bill Auction,LOW,USD
00083edb-81e9-4e85-9ad1-e9e246150793,02/15/2027 16:30:00,6-Month Bill Auction,LOW,USD
7f20ba8b-2121-4a20-961f-01cc5f1f5330,02/16/2027 12:15:00,ADP Employment Change 4-week average,MEDIUM,USD
227456de-4b35-4091-b2a1-7404a79e6b07,02/16/2027 13:55:00,Redbook Index (YoY),LOW,USD
d7f96e2e-c79f-4fab-b332-bf54e1ef21f6,02/16/2027 16:30:00,52-Week Bill Auction,LOW,USD
3f050dc3-c51a-42d6-adb9-c9a484a69490,02/17/2027 12:00:00,MBA Mortgage Applications,LOW,USD
87a76e69-18b5-4a9c-afa5-6314b63bc9aa,02/17/2027 13:30:00,Retail Sales (MoM),HIGH,USD
9b9f7973-bf92-4c75-861a-9fe3430e4f53,02/17/2027 13:30:00,Retail Sales (YoY),LOW,USD
bc4d7b8c-ab6d-4bf0-9ae6-12e252b2ba86,02/17/2027 13:30:00,Retail Sales Control Group,HIGH,USD
814697b8-8177-4095-9538-6605982d3833,02/17/2027 13:30:00,Retail Sales ex Autos (MoM),MEDIUM,USD
7fb51a94-782b-4115-8cf2-96ba14afa62b,02/17/2027 14:15:00,Capacity Utilization,LOW,USD
33db8f02-4cd0-4d4c-933f-d9d1584b69b2,02/17/2027 14:15:00,Industrial Production (MoM),MEDIUM,USD
96fd3dd4-2ef7-4c91-8ee5-8d27fc276361,02/17/2027 15:00:00,NAHB Housing Market Index,LOW,USD
44204113-b7b1-4d2c-8005-7b38e296abb2,02/17/2027 18:00:00,20-Year Bond Auction,LOW,USD
59f1a17e-06ef-4435-b1de-03c408af8780,02/17/2027 19:00:00,FOMC Minutes,HIGH,USD
9d9cc114-3a31-4ec4-a921-92274678dcee,02/17/2027 21:30:00,API Weekly Crude Oil Stock,LOW,USD
f89117fa-c1e0-405a-855a-9a71f69601c1,02/18/2027 13:30:00,Building Permits (MoM),MEDIUM,USD
14e93bfe-49df-45bc-b259-8b1bcacebde7,02/18/2027 13:30:00,Building Permits Change,LOW,USD
abfcf2a9-f81f-4327-aa41-97203f77bb11,02/18/2027 13:30:00,Continuing Jobless Claims,LOW,USD
ceacd7aa-50b1-4b31-8fd6-5562a9500ab9,02/18/2027 13:30:00,Housing Starts (MoM),MEDIUM,USD
bc6448b6-ebdc-4d27-8ba9-11dff403a76f,02/18/2027 13:30:00,Housing Starts Change,LOW,USD
9952af65-3e94-4b4d-96d4-dbaa82305b0d,02/18/2027 13:30:00,Initial Jobless Claims,MEDIUM,USD
7f310f2a-d6a2-4c46-8231-96b418ff3da4,02/18/2027 13:30:00,Initial Jobless Claims 4-week average,LOW,USD
5f3056d2-acca-4d5f-a805-3e0eead608d7,02/18/2027 13:30:00,Philadelphia Fed Manufacturing Survey,MEDIUM,USD
6a0af5ae-7403-418e-8008-76ed7448e43b,02/18/2027 15:00:00,Existing Home Sales (MoM),LOW,USD
8ceb1eb3-447e-4a09-9bd3-8557ece29c41,02/18/2027 15:00:00,Existing Home Sales Change (MoM),MEDIUM,USD
60910d04-e4ce-424c-b77a-e622f8de4107,02/18/2027 15:00:00,Pending Home Sales (MoM),MEDIUM,USD
b05c022f-9938-4dc2-b74f-1581ccd761f2,02/18/2027 15:00:00,Pending Home Sales (YoY),LOW,USD
5d1adbee-208a-4883-b623-980f44741dd4,02/18/2027 15:30:00,EIA Natural Gas Storage Change,LOW,USD
5e7215de-11c5-464a-b658-f85df1760742,02/18/2027 16:30:00,4-Week Bill Auction,LOW,USD
3a9ddecd-c4fc-43ba-b2f7-a27468614503,02/18/2027 17:00:00,EIA Crude Oil Stocks Change,LOW,USD
d90d1381-30bc-4b35-a7d0-1c795af9f54c,02/18/2027 17:00:00,EIA Distillate Stocks Change,LOW,USD
814cee37-bee1-404b-b50f-57932c261252,02/18/2027 17:00:00,EIA Gasoline Stocks Change,LOW,USD
dedc7b1e-09f5-4376-b267-1d86023c22b1,02/18/2027 17:00:00,EIA Heating Oil Stocks Change,LOW,USD
92b476de-61a5-4533-9135-7958d58d481d,02/18/2027 18:00:00,30-year TIPS Auction,LOW,USD
b137e1f5-f231-46d4-9066-c7206c0103c9,02/18/2027 21:00:00,Net Long-Term TIC Flows,LOW,USD
84b88094-1341-4fed-8537-ef3f0d92252c,02/18/2027 21:00:00,Total Net TIC Flows,LOW,USD
cf5d5230-5528-484f-979d-c72df4558340,02/19/2027 18:00:00,Baker Hughes US Oil Rig Count,LOW,USD
cabe250f-cb79-4650-9392-ff2b5d6b6da7,02/19/2027 20:30:00,CFTC Gold NC Net Positions,LOW,USD
417b1706-c227-4f1e-ad29-03b6d6abd6ee,02/19/2027 20:30:00,CFTC Oil NC Net Positions,LOW,USD
f08f44ce-b2cd-4f1a-b3b6-33397dbc9d01,02/19/2027 20:30:00,CFTC S&P 500 NC Net Positions,LOW,USD
d1aae6fc-ac06-438f-8c27-a52726de65d4,02/22/2027 13:30:00,"Chicago Fed National Activity Index ",LOW,USD
adb2dbb2-c2ef-404b-a020-ff2c1919172c,02/22/2027 16:30:00,3-Month Bill Auction,LOW,USD
41a7b08d-0b59-45b0-a49c-bf107606f207,02/22/2027 16:30:00,6-Month Bill Auction,LOW,USD
14fbdfcb-ac1a-4089-918d-82a30ebb6d55,02/23/2027 13:15:00,ADP Employment Change 4-week average,MEDIUM,USD
5bbc5df8-2329-4180-8ded-cd19360218fc,02/23/2027 13:55:00,Redbook Index (YoY),LOW,USD
93a46c40-ab3e-47de-af3e-00b3c8fb551c,02/23/2027 14:00:00,Housing Price Index (MoM),MEDIUM,USD
ffbc5489-2f3c-4c1b-baaa-d4261d8f0df1,02/23/2027 14:00:00,S&P/Case-Shiller Home Price Indices (YoY),LOW,USD
06f87b53-c0c1-46f8-9b63-2e6df992ef6f,02/23/2027 15:00:00,Consumer Confidence,MEDIUM,USD
854c79b6-df58-484d-845f-d52bbe64785b,02/23/2027 15:00:00,Richmond Fed Manufacturing Index,LOW,USD
d25a8ad7-3c54-42fa-9d75-3e65f6c26dd3,02/23/2027 18:00:00,2-Year Note Auction,LOW,USD
52f190ba-d177-4f0a-b16d-e1a2fd714301,02/23/2027 21:30:00,API Weekly Crude Oil Stock,LOW,USD
b3831181-0e79-407f-ae3c-30d5af01f5bf,02/24/2027 12:00:00,MBA Mortgage Applications,LOW,USD
01514793-5074-4c36-81fc-699074168b97,02/24/2027 14:45:00,S&P Global Composite PMI,MEDIUM,USD
d6e2a4f0-0334-4011-996c-4f998b748160,02/24/2027 14:45:00,S&P Global Manufacturing PMI,HIGH,USD
f3af6ad3-9b5a-4da3-807e-a5a41b4b0494,02/24/2027 14:45:00,S&P Global Services PMI,HIGH,USD
5be05521-8e2e-4ebd-a9d1-d0d4a6a868ac,02/24/2027 15:00:00,New Home Sales (MoM),LOW,USD
f5c06f4c-1f7f-49c3-9c6c-20c0007ddff7,02/24/2027 15:00:00,New Home Sales Change (MoM),MEDIUM,USD
458a9a2b-c54e-400a-8b0a-e06158b9576d,02/24/2027 15:30:00,EIA Crude Oil Stocks Change,LOW,USD
80287a98-5662-4c63-9a6e-a8b0f8668afc,02/24/2027 15:30:00,EIA Distillate Stocks Change,LOW,USD
5ae58a0a-b35f-4153-b809-6a62ea1ed37c,02/24/2027 15:30:00,EIA Gasoline Stocks Change,LOW,USD
c66e7b84-7e4d-4738-b5cf-a337ca3d03e5,02/24/2027 15:30:00,EIA Heating Oil Stocks Change,LOW,USD
0c25d0d9-6075-410f-90e1-e00fbd9e0d8f,02/24/2027 18:00:00,5-Year Note Auction,LOW,USD
fbf3e849-0779-477b-9c21-04ee9f26efa9,02/24/2027 18:00:00,7-Year Note Auction,LOW,USD
8440613e-f0de-437b-b74f-5b874a59eaa7,02/25/2027 13:30:00,Continuing Jobless Claims,LOW,USD
b5df2f0f-fba6-4fb4-b308-3a24e540915f,02/25/2027 13:30:00,Core Personal Consumption Expenditures (QoQ),MEDIUM,USD
dfa17f30-1920-4a2a-a7ee-e3ce44426de7,02/25/2027 13:30:00,Goods Trade Balance,LOW,USD
5f29cc0b-0937-4430-bc43-98fbb7ae8f7a,02/25/2027 13:30:00,Gross Domestic Product Annualized,MEDIUM,USD
d0ff2b0f-39d5-4ac5-813b-c814727094bd,02/25/2027 13:30:00,Gross Domestic Product Price Index,MEDIUM,USD
88b621f7-7d44-4fb7-a7c4-964cb1a0b4dc,02/25/2027 13:30:00,Initial Jobless Claims,MEDIUM,USD
bc48c063-93ff-4888-9ff0-1d477b6f7c1f,02/25/2027 13:30:00,Initial Jobless Claims 4-week average,LOW,USD
637d5506-a6fe-4a33-98cb-859c0cfc818d,02/25/2027 13:30:00,Personal Consumption Expenditures Prices (QoQ),MEDIUM,USD
52966a59-db0c-404a-a93f-2f4512013f8f,02/25/2027 13:30:00,Wholesale Inventories,LOW,USD
6a6b0b24-f21e-49fa-a17b-8640a365b2e0,02/25/2027 15:30:00,Dallas Fed Manufacturing Business Index,LOW,USD
5eda5df1-b5bd-4887-bad5-fc783dc034eb,02/25/2027 15:30:00,EIA Natural Gas Storage Change,LOW,USD
69c93bb0-927c-435b-8995-57f43d21cfd2,02/25/2027 16:00:00,Kansas Fed Manufacturing Activity,LOW,USD
6c77412f-7568-4818-b2fc-8691ce300293,02/25/2027 16:30:00,4-Week Bill Auction,LOW,USD
bed19152-ca59-4a09-8097-21fa90e582c7,02/26/2027 13:30:00,Core Personal Consumption Expenditures - Price Index (MoM),HIGH,USD
efa5a8e8-1ad0-458e-9fd7-46278db6c8d0,02/26/2027 13:30:00,Core Personal Consumption Expenditures - Price Index (YoY),HIGH,USD
dbac8418-0aa2-4c13-8ff3-d1470c5cfdb6,02/26/2027 13:30:00,Durable Goods Orders,MEDIUM,USD
ac62879e-29bc-4139-91f8-2d656aa7ede8,02/26/2027 13:30:00,Durable Goods Orders ex Defense,MEDIUM,USD
f0e64a31-e161-4763-b787-0a800d21b89b,02/26/2027 13:30:00,Durable Goods Orders ex Transportation,MEDIUM,USD
554b360a-2db0-4ddb-abfa-70b7e7b3595e,02/26/2027 13:30:00,Nondefense Capital Goods Orders ex Aircraft,MEDIUM,USD
1bb40a90-d90b-4f63-b66f-819c2004c7fe,02/26/2027 13:30:00,Personal Consumption Expenditures - Price Index (MoM),MEDIUM,USD
9a4b7780-6cab-4681-b556-749930d207c9,02/26/2027 13:30:00,Personal Consumption Expenditures - Price Index (YoY),MEDIUM,USD
51e36c89-d23e-424d-b062-719eddb202e6,02/26/2027 13:30:00,Personal Income (MoM),MEDIUM,USD
103c3077-e14f-41fc-bb4b-642ca2253a76,02/26/2027 13:30:00,Personal Spending,MEDIUM,USD
a51da214-58de-47f4-9e61-1e0131c786f3,02/26/2027 14:45:00,Chicago PMI,MEDIUM,USD
0ea9a8ff-5463-4428-9700-8c5c90bb9909,02/26/2027 15:00:00,Michigan Consumer Expectations Index,MEDIUM,USD
f1d69c3a-0444-41b4-8fc4-30580971d821,02/26/2027 15:00:00,Michigan Consumer Sentiment Index,MEDIUM,USD
c2ea4435-934d-4d2a-bedf-7ab818b802ae,02/26/2027 15:00:00,UoM 1-year Consumer Inflation Expectations,MEDIUM,USD
474058f5-0d7d-43e7-8fe1-052b8d2c9407,02/26/2027 15:00:00,UoM 5-year Consumer Inflation Expectation,MEDIUM,USD
12b14023-ef84-4b1f-b9d2-8c5208cf4d65,02/26/2027 18:00:00,Baker Hughes US Oil Rig Count,LOW,USD
916efa36-c33e-4a93-9fa1-ee61bab28245,02/26/2027 20:30:00,CFTC Gold NC Net Positions,LOW,USD
fab195c6-ace3-4e2e-8ede-1ce52190e20e,02/26/2027 20:30:00,CFTC Oil NC Net Positions,LOW,USD
68c983bf-0636-48a0-a982-2ba355e743de,02/26/2027 20:30:00,CFTC S&P 500 NC Net Positions,LOW,USD
7a5ba4f7-6e97-4926-952f-260e1791b71a,03/01/2027 14:45:00,S&P Global Manufacturing PMI,LOW,USD
2d427677-6f4b-4cce-85e8-88aa0f32c301,03/01/2027 15:00:00,Construction Spending (MoM),LOW,USD
64e1f547-51c2-4409-abaa-a1cb2097d722,03/01/2027 15:00:00,ISM Manufacturing Employment Index,MEDIUM,USD
c5ef889c-5a64-4d8f-944c-590f9005cb57,03/01/2027 15:00:00,ISM Manufacturing New Orders Index,MEDIUM,USD
50fe780a-ac25-4436-a45c-c0665ed89cae,03/01/2027 15:00:00,ISM Manufacturing PMI,HIGH,USD
acde4ce2-96f9-4340-956d-d975dfba64da,03/01/2027 15:00:00,ISM Manufacturing Prices Paid,MEDIUM,USD
4b6f3bed-a369-4b14-967b-4003a13311b2,03/01/2027 16:30:00,3-Month Bill Auction,LOW,USD
a6ecdbcc-1041-4235-b56e-edde332cc25f,03/01/2027 16:30:00,6-Month Bill Auction,LOW,USD
45387411-7f87-4857-ade7-c489b159385a,03/02/2027 13:55:00,Redbook Index (YoY),LOW,USD
62213ba6-eb9c-4965-90b8-4369829d9d84,03/02/2027 15:00:00,Factory Orders (MoM),MEDIUM,USD
1697e364-29af-42b8-9025-064880853ac9,03/02/2027 15:00:00,JOLTS Job Openings,MEDIUM,USD
55adf836-58ad-44fb-8daf-c5a9fa6f1dfa,03/02/2027 15:00:00,RealClearMarkets/TIPP Economic Optimism (MoM),LOW,USD
64a25345-33e0-48ce-b2e6-dbf0a0b0d532,03/02/2027 21:30:00,API Weekly Crude Oil Stock,LOW,USD
aea8200f-73bf-4e5d-b8c3-2fb41eeaf419,03/03/2027 12:00:00,MBA Mortgage Applications,LOW,USD
7accb7be-dd87-4113-8ee4-260dfa5a9e46,03/03/2027 13:15:00,ADP Employment Change,HIGH,USD
df93ec7f-8e6e-41a6-a0fb-749921c36437,03/03/2027 13:30:00,Goods and Services Trade Balance,LOW,USD
06a95254-4712-4794-a30e-d49d54a4341f,03/03/2027 13:30:00,Goods Trade Balance,LOW,USD
dd249242-0b5f-4eb1-84b7-115585feac5e,03/03/2027 14:45:00,S&P Global Composite PMI,MEDIUM,USD
06ab9787-861d-47ba-96a2-9833e8fb5772,03/03/2027 14:45:00,S&P Global Services PMI,LOW,USD
fa327655-08e3-4c20-8725-4f1ba39c55e5,03/03/2027 15:00:00,ISM Services Employment Index,MEDIUM,USD
57d4efd0-2065-4d39-883f-25250bdfbeb7,03/03/2027 15:00:00,ISM Services New Orders Index,MEDIUM,USD
9592068d-cdec-4a4b-aac7-5cd619fe3263,03/03/2027 15:00:00,ISM Services PMI,HIGH,USD
7d2490d4-57c9-4710-b035-deb8078431df,03/03/2027 15:00:00,ISM Services Prices Paid,MEDIUM,USD
a22457e6-12f6-4491-95ef-649024c3d064,03/03/2027 15:30:00,EIA Crude Oil Stocks Change,LOW,USD
c2345b2a-cac5-43dc-98f4-862c353f0952,03/03/2027 15:30:00,EIA Distillate Stocks Change,LOW,USD
de1888dc-b91c-4e51-acb5-c49fee047db7,03/03/2027 15:30:00,EIA Gasoline Stocks Change,LOW,USD
ec2ceae5-81ee-48f8-b5d0-e4ef0e352529,03/03/2027 15:30:00,EIA Heating Oil Stocks Change,LOW,USD
dd7c0a41-1ea0-40ef-8bb5-18d07c4f225e,03/03/2027 20:30:00,Total Vehicle Sales,LOW,USD
47dd8e30-1e17-4bb5-a474-3693eb1b2519,03/04/2027 10:30:00,Challenger Job Cuts,MEDIUM,USD
04e6ed33-d4a0-4f3b-a210-6439e34d31ef,03/04/2027 13:30:00,Continuing Jobless Claims,LOW,USD
b6a11cae-026d-42c5-8618-15bc7d506d8f,03/04/2027 13:30:00,Initial Jobless Claims,MEDIUM,USD
4944315c-8f22-41a2-a2fb-765fed2bf56a,03/04/2027 13:30:00,Initial Jobless Claims 4-week average,LOW,USD
8d71a61a-bbc0-426b-81e2-d330c8e07f4e,03/04/2027 13:30:00,Nonfarm Productivity,MEDIUM,USD
d984a6c8-7c32-4ab4-a788-9132c30f297e,03/04/2027 13:30:00,Unit Labor Costs,MEDIUM,USD
11c13cca-cbf9-48e5-a16c-1dd0e5db1ef4,03/04/2027 15:30:00,EIA Natural Gas Storage Change,LOW,USD
0ca7ed52-de1e-4d87-b3e0-780dc55b048d,03/04/2027 16:30:00,4-Week Bill Auction,LOW,USD
2ec26754-49a9-41ea-898c-b8f97f42ca7b,03/05/2027 13:30:00,Average Hourly Earnings (MoM),HIGH,USD
fd61e0fb-6f48-44ea-b8a5-a23043e8fed4,03/05/2027 13:30:00,Average Hourly Earnings (YoY),HIGH,USD
71d5453f-3f89-404f-8316-f1755ee1be64,03/05/2027 13:30:00,Average Weekly Hours,LOW,USD
2f754e06-c6be-43d1-950c-a01e2f837808,03/05/2027 13:30:00,Labor Force Participation Rate,MEDIUM,USD
1f9372c6-612c-43b0-b4e9-9237c11a79c3,03/05/2027 13:30:00,Nonfarm Payrolls,HIGH,USD
4f18f30e-6966-4969-8790-fa97c8040425,03/05/2027 13:30:00,U6 Underemployment Rate,MEDIUM,USD
aa805854-9595-4712-81b1-e82eba10d7f0,03/05/2027 13:30:00,Unemployment Rate,MEDIUM,USD
2e9826dd-01ce-420b-88c9-9cff75615460,03/05/2027 18:00:00,Baker Hughes US Oil Rig Count,LOW,USD
f21f50aa-7c0b-4ca9-9efa-8bce6728162f,03/05/2027 20:00:00,Consumer Credit Change,LOW,USD
93fd465f-53b0-45f5-923f-9912d3f71ce4,03/05/2027 20:30:00,CFTC Gold NC Net Positions,LOW,USD
468c233e-3650-4cba-83af-b1f281f8dab0,03/05/2027 20:30:00,CFTC Oil NC Net Positions,LOW,USD
b610b1d2-b1ad-469b-a883-869cec3c9fa5,03/05/2027 20:30:00,CFTC S&P 500 NC Net Positions,LOW,USD
71e59649-d05b-4ee9-81d9-005624fbd185,03/08/2027 16:30:00,3-Month Bill Auction,LOW,USD
b6d8c05f-327e-4ec9-92f5-ba285db82918,03/08/2027 16:30:00,6-Month Bill Auction,LOW,USD
b873de8a-9974-4cd9-bb37-ca6566467320,03/09/2027 11:00:00,NFIB Business Optimism Index,LOW,USD
b2dbf85e-5592-4e7f-b30a-880be99a89b6,03/09/2027 13:15:00,ADP Employment Change 4-week average,MEDIUM,USD
69a4d7fa-39ea-4f4d-8de9-453c915e9287,03/09/2027 13:55:00,Redbook Index (YoY),LOW,USD
a0980ab0-c67f-4050-a732-5980fa54c8a4,03/09/2027 18:00:00,3-Year Note Auction,LOW,USD
fa283e9a-0d23-41e0-94bf-0ff9b354e41a,03/09/2027 21:30:00,API Weekly Crude Oil Stock,LOW,USD
55cc0412-7dc1-4a69-a761-e1ce173f684a,03/10/2027 12:00:00,MBA Mortgage Applications,LOW,USD
17846e24-26e8-4b89-abf7-d505a38eaaae,03/10/2027 15:00:00,Wholesale Inventories,LOW,USD
dd9e132f-eefc-4538-b684-7d182b9bedc5,03/10/2027 15:30:00,EIA Crude Oil Stocks Change,LOW,USD
40ddf090-fd9c-4003-bd62-4239d445cf66,03/10/2027 15:30:00,EIA Distillate Stocks Change,LOW,USD
b43e1fa8-e1f7-405c-a99b-16ce9a9b5806,03/10/2027 15:30:00,EIA Gasoline Stocks Change,LOW,USD
7a0d1c71-05cd-4cc0-a3b4-6acc18beaa3c,03/10/2027 15:30:00,EIA Heating Oil Stocks Change,LOW,USD
16144ca7-079c-4116-a3da-9312a114812b,03/10/2027 18:00:00,10-Year Note Auction,LOW,USD
6208c036-3009-4686-bf83-9d9bd765c343,03/11/2027 13:30:00,Consumer Price Index (MoM),HIGH,USD
2f332c01-d972-4c54-aeb1-e6eef67e5d9d,03/11/2027 13:30:00,Consumer Price Index (YoY),HIGH,USD
34743e51-38a7-44f8-a786-8f0ade065015,03/11/2027 13:30:00,Consumer Price Index Core s.a,LOW,USD
94a30a20-3c0e-4683-89d2-ab519d5f9a79,03/11/2027 13:30:00,Consumer Price Index ex Food & Energy (MoM),HIGH,USD
c667309c-39c3-4d16-a24d-e7cc9cb2981c,03/11/2027 13:30:00,Consumer Price Index ex Food & Energy (YoY),HIGH,USD
66a89324-320a-49cf-8d8c-30ecc7814305,03/11/2027 13:30:00,Consumer Price Index n.s.a (MoM),LOW,USD
a768773e-b0b3-4a8a-b107-4b5725da3f90,03/11/2027 13:30:00,Continuing Jobless Claims,LOW,USD
736e7b27-8898-4c8a-a57b-6f16dc4a6767,03/11/2027 13:30:00,Initial Jobless Claims,MEDIUM,USD
04bd1942-3d1d-41f0-8046-c4e75be9e7fc,03/11/2027 13:30:00,Initial Jobless Claims 4-week average,LOW,USD
d133c3b0-852f-48ab-99ed-a7221a366f17,03/11/2027 15:30:00,EIA Natural Gas Storage Change,LOW,USD
a992381d-46ca-451c-a21a-5f1c62db4d2e,03/11/2027 16:30:00,4-Week Bill Auction,LOW,USD
60f19b97-0d25-421c-815a-43031e1d854f,03/11/2027 18:00:00,30-Year Bond Auction,LOW,USD
5ccaa8f4-2749-4e10-88a1-74eef9c89efe,03/11/2027 19:00:00,Monthly Budget Statement,MEDIUM,USD
9c252fc0-2c44-4f4e-bdec-0e1fb12e87ba,03/12/2027 12:30:00,Producer Price Index (MoM),MEDIUM,USD
a7092fcc-8e49-4c69-81f3-76fef85eb43d,03/12/2027 12:30:00,Producer Price Index (YoY),MEDIUM,USD
7fdede6b-fc04-4e2c-9588-466987566fa4,03/12/2027 12:30:00,Producer Price Index ex Food & Energy (MoM),MEDIUM,USD
0e7bd5e5-31b9-4283-9b06-3b7d0abc43a9,03/12/2027 12:30:00,Producer Price Index ex Food & Energy (YoY),HIGH,USD
05009d7a-8dbd-45e8-bb39-d86eba33bf3c,03/12/2027 13:30:00,Export Price Index (MoM),LOW,USD
a28cc68e-79ee-46d3-9beb-f87e01c40e82,03/12/2027 13:30:00,Export Price Index (YoY),LOW,USD
8898d4f7-bd9f-4a02-ba94-0c0d54f9aa45,03/12/2027 13:30:00,Import Price Index (MoM),LOW,USD
487bc28e-f097-4712-b8ef-65c2997b9294,03/12/2027 13:30:00,Import Price Index (YoY),LOW,USD
1e932f88-217d-460b-b229-e3a9dbccc1dd,03/12/2027 14:00:00,Michigan Consumer Expectations Index,MEDIUM,USD
024c4780-d0fc-41b4-9091-d5b128c6458d,03/12/2027 14:00:00,Michigan Consumer Sentiment Index,HIGH,USD
f19457f2-2c04-428e-ad49-26945661769f,03/12/2027 14:00:00,UoM 1-year Consumer Inflation Expectations,MEDIUM,USD
69c35aef-7928-4265-9f44-cbbfdad9029e,03/12/2027 14:00:00,UoM 5-year Consumer Inflation Expectation,MEDIUM,USD
ac515879-f3d6-4f49-9a8e-6d2d5348bb03,03/12/2027 18:00:00,Baker Hughes US Oil Rig Count,LOW,USD
72636ca9-2f86-46b1-b1e1-c5326a23efb4,03/12/2027 20:30:00,CFTC Gold NC Net Positions,LOW,USD
ed3dc886-8b67-45c6-99bc-7b869864b8d4,03/12/2027 20:30:00,CFTC Oil NC Net Positions,LOW,USD
37c4ef5e-378f-490d-93f7-c9eedd31a4ea,03/12/2027 20:30:00,CFTC S&P 500 NC Net Positions,LOW,USD
a8817804-f521-40d5-9c0d-c43d9a4c943d,03/14/2027 07:00:00,"Daylight Saving Time ",NONE,USD
e51a4296-a193-4f39-9833-83e32e077c24,03/15/2027 12:30:00,NY Empire State Manufacturing Index,MEDIUM,USD
bfdee5ad-ec7b-47e4-9272-4216b9da436e,03/15/2027 13:15:00,Capacity Utilization,LOW,USD
c478eb43-4f48-450d-98cd-c044c2e6944c,03/15/2027 13:15:00,Industrial Production (MoM),MEDIUM,USD
c07d8ce6-f54d-470d-b4a2-9877ed7299ab,03/15/2027 15:30:00,3-Month Bill Auction,LOW,USD
20882e02-4639-40bf-af90-ace44c44e86f,03/15/2027 15:30:00,6-Month Bill Auction,LOW,USD
92223fe7-cca5-4b27-bb2d-554629382f24,03/16/2027 12:15:00,ADP Employment Change 4-week average,MEDIUM,USD
19d58467-8b6c-4fea-a4f1-57f364e4be75,03/16/2027 12:55:00,Redbook Index (YoY),LOW,USD
b8d05e54-8c43-417a-a5c4-48b94664582c,03/16/2027 15:30:00,52-Week Bill Auction,LOW,USD
3507f6ff-e5d0-4598-a316-e49305e0a73f,03/16/2027 20:30:00,API Weekly Crude Oil Stock,LOW,USD
5c6aeecb-4b54-4b61-8265-3f58572df3b4,03/17/2027 11:00:00,MBA Mortgage Applications,LOW,USD
81e78d16-ff7b-4eff-8439-bf63629e5e65,03/17/2027 12:30:00,Retail Sales (MoM),HIGH,USD
b02b05f3-2520-4d3c-8355-5dfd68e4a159,03/17/2027 12:30:00,Retail Sales (YoY),LOW,USD
fadb1514-f836-4276-b774-4a1838c9e32f,03/17/2027 12:30:00,Retail Sales Control Group,HIGH,USD
b259c3f2-388e-4da9-a590-955de9d1e29e,03/17/2027 12:30:00,Retail Sales ex Autos (MoM),MEDIUM,USD
b154c750-d77f-49d5-ad69-ad8e1384ca0f,03/17/2027 14:00:00,Business Inventories,LOW,USD
fc67de01-bc25-418c-9143-c87c5ba364c6,03/17/2027 14:00:00,NAHB Housing Market Index,LOW,USD
1424838b-6484-41b8-bf08-88517ced9bd0,03/17/2027 14:30:00,EIA Crude Oil Stocks Change,LOW,USD
9001248c-1699-46f7-bfcd-07785776a486,03/17/2027 14:30:00,EIA Distillate Stocks Change,LOW,USD
a95bd6a8-6558-4f83-8488-56a118cd7d0f,03/17/2027 14:30:00,EIA Gasoline Stocks Change,LOW,USD
d193b75c-36ea-4c22-bfcd-f1bbf41e799e,03/17/2027 14:30:00,EIA Heating Oil Stocks Change,LOW,USD
f7e10395-c24c-4db8-a7ff-d9469dbc918b,03/17/2027 17:00:00,20-Year Bond Auction,LOW,USD
1f0d4172-b895-4548-a4d9-df431c711edd,03/17/2027 18:00:00,Fed Interest Rate Decision,HIGH,USD
9ddff595-f289-4df6-ae6c-0eaa63eb2edd,03/17/2027 18:00:00,Fed Monetary Policy Statement,HIGH,USD
0262d0b1-1f30-49c6-8a39-a96479252663,03/17/2027 18:00:00,FOMC Economic Projections,HIGH,USD
8618e5fa-f155-45b6-b00d-1eb797af1976,03/17/2027 18:00:00,Interest Rate Projections - 1st year,HIGH,USD
e1626f80-5c0b-40b2-bed2-131f7c7290ad,03/17/2027 18:00:00,Interest Rate Projections - 2nd year,HIGH,USD
7c60b192-cf31-4753-af61-4863de35a2ec,03/17/2027 18:00:00,Interest Rate Projections - Current,HIGH,USD
81bc18ec-96ec-43bf-abd8-c123381c3192,03/17/2027 18:00:00,Interest Rate Projections - Longer,HIGH,USD
3da83ac4-0787-45b9-9e64-586323f46ddb,03/17/2027 18:30:00,FOMC Press Conference,HIGH,USD
49223008-6d25-491c-9cd8-eab3520adcaf,03/18/2027 12:30:00,Building Permits (MoM),MEDIUM,USD
26401f4d-8e91-4f04-a34b-cc8a47af2b4a,03/18/2027 12:30:00,Building Permits Change,LOW,USD
2fad578f-b832-4d95-9be7-e3a177a70b0e,03/18/2027 12:30:00,Continuing Jobless Claims,LOW,USD
4eabaa78-7620-485e-966f-a6f978c3ef61,03/18/2027 12:30:00,Current Account,LOW,USD
3be91da5-41d1-4159-ad06-e6de4e542c39,03/18/2027 12:30:00,Housing Starts (MoM),MEDIUM,USD
bb134c63-a3f1-4b1c-8379-4142dd618381,03/18/2027 12:30:00,Housing Starts Change,LOW,USD
8b6dcf88-8d6c-4297-ac2f-92439dfb6e57,03/18/2027 12:30:00,Initial Jobless Claims,MEDIUM,USD
2da6365a-d979-4497-ba5c-f44f9352c451,03/18/2027 12:30:00,Initial Jobless Claims 4-week average,LOW,USD
9d99e722-935b-43f4-b296-5873b2d4a030,03/18/2027 12:30:00,Philadelphia Fed Manufacturing Survey,MEDIUM,USD
042cb7ca-47e2-4219-be03-9938b6b69fad,03/18/2027 14:00:00,Existing Home Sales (MoM),LOW,USD
2c3e0362-9508-4996-bcb0-41047ce8e5f7,03/18/2027 14:00:00,Existing Home Sales Change (MoM),MEDIUM,USD
d86adcf5-ad65-4051-a29e-4a7fc1c932fd,03/18/2027 14:00:00,Pending Home Sales (MoM),MEDIUM,USD
95b5faa2-5377-40b1-ba18-66cc1813e197,03/18/2027 14:00:00,Pending Home Sales (YoY),LOW,USD
c1021ecf-e9c3-4d1c-b043-6a944a37ed87,03/18/2027 14:30:00,EIA Natural Gas Storage Change,LOW,USD
f18760a1-4506-41c5-a969-604ffc970344,03/18/2027 15:30:00,4-Week Bill Auction,LOW,USD
cad87718-a038-480d-8a3e-100309c77456,03/18/2027 17:00:00,10-year TIPS Auction,LOW,USD
58141131-d169-490e-a16f-f1ed1aa6fedf,03/18/2027 20:00:00,Net Long-Term TIC Flows,LOW,USD
0b130759-e7bb-4c7b-ad43-5bf085075c85,03/18/2027 20:00:00,Total Net TIC Flows,LOW,USD
aba762c5-d899-4620-8df7-4e6d096fcf44,03/19/2027 17:00:00,Baker Hughes US Oil Rig Count,LOW,USD
62ac4e33-aa21-4f6f-8f80-4e297f73e85c,03/19/2027 19:30:00,CFTC Gold NC Net Positions,LOW,USD
7548e379-df7b-45a3-af63-41bdf9191dfa,03/19/2027 19:30:00,CFTC Oil NC Net Positions,LOW,USD
eb592cbb-4f47-4c06-b9b6-4146ac1071c8,03/19/2027 19:30:00,CFTC S&P 500 NC Net Positions,LOW,USD
930d3b13-68b5-4c29-a55e-95f9d5e6345f,03/22/2027 12:30:00,"Chicago Fed National Activity Index ",LOW,USD
f1c41f87-5208-410a-a3ca-37d7ac58341c,03/22/2027 13:45:00,S&P Global Composite PMI,MEDIUM,USD
0303d761-1c57-47d2-9e22-b96bd9af7aeb,03/22/2027 13:45:00,S&P Global Manufacturing PMI,HIGH,USD
9e224cc3-7029-4bc1-8564-b736ba412197,03/22/2027 13:45:00,S&P Global Services PMI,HIGH,USD
5863f549-4004-4967-a0ed-9f8fcd322c27,03/22/2027 15:30:00,3-Month Bill Auction,LOW,USD
a945b7fc-02a4-46c8-a8a1-c4e68c2263e3,03/22/2027 15:30:00,6-Month Bill Auction,LOW,USD
c0d532d7-d46a-4486-a1ad-e0d2c3391539,03/23/2027 12:15:00,ADP Employment Change 4-week average,MEDIUM,USD
05761f88-9084-4875-acb6-d3522940057d,03/23/2027 12:55:00,Redbook Index (YoY),LOW,USD
414f9664-06b7-4f2d-aab4-26b8284048e5,03/23/2027 14:00:00,Richmond Fed Manufacturing Index,LOW,USD
80c9970d-28a8-44fd-9395-bc2887b2f14c,03/23/2027 17:00:00,2-Year Note Auction,LOW,USD
b0e26d7a-cc8d-499c-8615-0ec76b8b97ae,03/23/2027 20:30:00,API Weekly Crude Oil Stock,LOW,USD
d92a109a-df7c-43b5-bec7-1740f5a050f0,03/24/2027 11:00:00,MBA Mortgage Applications,LOW,USD
12ce286e-51b5-4d2c-a87f-018c34c1c879,03/24/2027 14:30:00,EIA Crude Oil Stocks Change,LOW,USD
fc19b943-a4f7-4f12-979d-1751afd18b57,03/24/2027 14:30:00,EIA Distillate Stocks Change,LOW,USD
e8e84d23-84ab-4c20-9b88-7172105592fa,03/24/2027 14:30:00,EIA Gasoline Stocks Change,LOW,USD
dc3d4a13-7dd0-402e-a312-241a469966cb,03/24/2027 14:30:00,EIA Heating Oil Stocks Change,LOW,USD
01d06986-19b3-4cb0-a96e-6c0955326923,03/24/2027 17:00:00,5-Year Note Auction,LOW,USD
a97ca382-992f-458e-8c75-793147ce7e27,03/25/2027 12:30:00,Continuing Jobless Claims,LOW,USD
b9cc91e4-4630-4fd8-ab83-a80e6deb47eb,03/25/2027 12:30:00,Initial Jobless Claims,MEDIUM,USD
f7030c8b-6b13-4f9f-a475-35ebbbacf2d7,03/25/2027 12:30:00,Initial Jobless Claims 4-week average,LOW,USD
4ad06f66-4d65-4744-94d6-3c46cbbf6705,03/25/2027 12:30:00,Wholesale Inventories,LOW,USD
0996dcc2-588e-4470-adeb-cd19ece8c817,03/25/2027 14:00:00,New Home Sales (MoM),LOW,USD
348f530f-7f5f-46d2-bfaa-4565a4dd099f,03/25/2027 14:00:00,New Home Sales Change (MoM),MEDIUM,USD
59a80858-2be1-4f7a-b53a-679b6bb4d748,03/25/2027 14:30:00,EIA Natural Gas Storage Change,LOW,USD
a0401205-7e42-46be-a46a-0a0e3dcb8961,03/25/2027 15:00:00,Kansas Fed Manufacturing Activity,LOW,USD
60e3911e-576c-46d2-860b-b40b217e78ad,03/25/2027 15:30:00,4-Week Bill Auction,LOW,USD
6d693304-bc5b-477a-8bde-36ef2f4b33c5,03/25/2027 17:00:00,7-Year Note Auction,LOW,USD
b2f2a222-a211-4236-a64b-9a5c1da63326,03/26/2027 12:30:00,Durable Goods Orders,MEDIUM,USD
d3eeb98b-cf6a-44ec-a579-08d5cc7dc043,03/26/2027 12:30:00,Durable Goods Orders ex Defense,MEDIUM,USD
04692d71-d5d4-4ea1-9f85-331ece58194a,03/26/2027 12:30:00,Durable Goods Orders ex Transportation,MEDIUM,USD
ec15c2db-04f6-42b9-9763-8b8615217cc1,03/26/2027 12:30:00,Nondefense Capital Goods Orders ex Aircraft,MEDIUM,USD
43251300-17f7-485c-b256-e7c73650089a,03/26/2027 14:00:00,Michigan Consumer Expectations Index,MEDIUM,USD
173e0c3c-d710-44b9-af1e-560c8d4c1482,03/26/2027 14:00:00,Michigan Consumer Sentiment Index,MEDIUM,USD
2f66f818-73c6-46b8-9625-722e9e63bd90,03/26/2027 14:00:00,UoM 1-year Consumer Inflation Expectations,MEDIUM,USD
6b5ff453-8aee-4dca-8d5a-91398783a7bc,03/26/2027 14:00:00,UoM 5-year Consumer Inflation Expectation,MEDIUM,USD
676142c8-26b6-4a9f-9648-a876c2afcea9,03/26/2027 17:00:00,Baker Hughes US Oil Rig Count,LOW,USD
5aa5a8a4-c886-4de0-ba66-67bf2d686110,03/26/2027 19:30:00,CFTC Gold NC Net Positions,LOW,USD
e912bc34-3677-4ffe-826f-8ac4c3e8ff9d,03/26/2027 19:30:00,CFTC Oil NC Net Positions,LOW,USD
981cdb86-fd7a-42d7-8c8b-9961d7aa5513,03/26/2027 19:30:00,CFTC S&P 500 NC Net Positions,LOW,USD
85363ac5-baab-4e8d-890d-b223bbb88fdb,03/29/2027 15:30:00,3-Month Bill Auction,LOW,USD
fa133ae2-96b8-486b-b47f-5ed6cd235606,03/29/2027 15:30:00,6-Month Bill Auction,LOW,USD
dd9577b6-aca3-42eb-91ab-b8e9b465d0bb,03/30/2027 12:30:00,Goods Trade Balance,LOW,USD
1debb761-6b49-4bee-9b49-383117058937,03/30/2027 12:55:00,Redbook Index (YoY),LOW,USD
d2bf4088-d141-472e-aed7-ad9169982aef,03/30/2027 13:00:00,Housing Price Index (MoM),MEDIUM,USD
460f0757-f2d1-49b8-9da1-c6b4e773ac88,03/30/2027 13:00:00,S&P/Case-Shiller Home Price Indices (YoY),LOW,USD
fed056af-307d-474c-bf1d-bad17b6c26c6,03/30/2027 14:00:00,Consumer Confidence,MEDIUM,USD
ac2fac3b-74e5-4413-b78c-3f2729b500af,03/30/2027 14:30:00,Dallas Fed Manufacturing Business Index,LOW,USD
09719e28-5d1c-4772-be44-bf0a7aed27ee,03/30/2027 20:30:00,API Weekly Crude Oil Stock,LOW,USD
f3d67244-d635-4794-8e81-0958a481b130,03/31/2027 11:00:00,MBA Mortgage Applications,LOW,USD
f044b281-297a-4e04-b5ef-dac2bf1f2fba,03/31/2027 12:15:00,ADP Employment Change,HIGH,USD
207f0839-af17-479e-a226-f681b847cba5,03/31/2027 12:30:00,Core Personal Consumption Expenditures - Price Index (MoM),HIGH,USD
61a46175-dce3-4f09-bf73-d16cb54a60ba,03/31/2027 12:30:00,Core Personal Consumption Expenditures - Price Index (YoY),HIGH,USD
d9d56c5b-592f-4b84-b42d-6ec5ee9065ab,03/31/2027 12:30:00,Core Personal Consumption Expenditures (QoQ),MEDIUM,USD
efc4b126-64cd-43d2-b0a4-7d8a6369213e,03/31/2027 12:30:00,Gross Domestic Product Annualized,MEDIUM,USD
9b5a03a1-b3ce-4216-804e-123e195f0468,03/31/2027 12:30:00,Gross Domestic Product Price Index,MEDIUM,USD
2822a99e-c0e3-43ed-b630-66f9a3b8e30d,03/31/2027 12:30:00,Personal Consumption Expenditures - Price Index (MoM),MEDIUM,USD
8b4a5942-0e8b-4b43-b2f2-1380733be9d8,03/31/2027 12:30:00,Personal Consumption Expenditures - Price Index (YoY),MEDIUM,USD
f10d22ad-c8d2-4d94-826f-1f88e2f4a83f,03/31/2027 12:30:00,Personal Consumption Expenditures Prices (QoQ),MEDIUM,USD
ca810598-e949-4441-b717-6907e2418384,03/31/2027 12:30:00,Personal Income (MoM),MEDIUM,USD
9be85099-c310-4bf4-b367-cf82d190eb0e,03/31/2027 12:30:00,Personal Spending,MEDIUM,USD
43f335c0-a53d-462c-9ce5-59cdb9a4c1c1,03/31/2027 13:45:00,Chicago PMI,MEDIUM,USD
42de0c8b-f24b-4a0b-9d3f-c0262ee2d6b2,03/31/2027 14:30:00,EIA Crude Oil Stocks Change,LOW,USD
670e8353-2390-4536-85a0-f743bd379674,03/31/2027 14:30:00,EIA Distillate Stocks Change,LOW,USD
0b078a10-d063-41e4-90a7-1c245afdb58d,03/31/2027 14:30:00,EIA Gasoline Stocks Change,LOW,USD
1c994f88-c98e-4db5-8853-eb1d5225d1e2,03/31/2027 14:30:00,EIA Heating Oil Stocks Change,LOW,USD
fa7c7161-234c-4cef-89a5-c341eab871dc,04/01/2027 09:30:00,Challenger Job Cuts,MEDIUM,USD
99477eeb-d58c-4679-9c54-44e421c22767,04/01/2027 12:30:00,Continuing Jobless Claims,LOW,USD
d7b0757b-8654-41df-ab2d-525303831585,04/01/2027 12:30:00,Initial Jobless Claims,MEDIUM,USD
367aa4f0-bf45-488b-aa3a-14ec20ac0386,04/01/2027 12:30:00,Initial Jobless Claims 4-week average,LOW,USD
32d6f605-91ba-434c-8855-ff187fa5649b,04/01/2027 13:45:00,S&P Global Manufacturing PMI,LOW,USD
f16b1092-7a67-445f-ac39-02a636a6fc23,04/01/2027 14:00:00,Construction Spending (MoM),LOW,USD
b7aff3b3-cac4-4c5a-935f-3bfc0f9202fc,04/01/2027 14:00:00,ISM Manufacturing Employment Index,MEDIUM,USD
8bd418c5-79f7-4da9-a5e1-ca9362f9e26e,04/01/2027 14:00:00,ISM Manufacturing New Orders Index,MEDIUM,USD
3e7e9dea-9776-44df-9071-ca2b837aeacb,04/01/2027 14:00:00,ISM Manufacturing PMI,HIGH,USD
7869cb77-c67a-4f59-8c81-f765d781efda,04/01/2027 14:00:00,ISM Manufacturing Prices Paid,MEDIUM,USD
afcc2160-4d42-4806-b850-ffe60562e503,04/01/2027 14:30:00,EIA Natural Gas Storage Change,LOW,USD
2ece492b-fabd-497f-b3ec-b053eeb27e24,04/01/2027 15:30:00,4-Week Bill Auction,LOW,USD
9fd41a76-7cd7-4fdf-a19a-c58723863ce3,04/01/2027 19:30:00,Total Vehicle Sales,LOW,USD
603fdc14-a632-49a8-8344-8d8df5972f61,04/02/2027 12:30:00,Average Hourly Earnings (MoM),HIGH,USD
df4d1864-088a-4698-bdbf-e28a2dfafa77,04/02/2027 12:30:00,Average Hourly Earnings (YoY),HIGH,USD
5d6b5cf9-a483-439d-8712-283ae68328a2,04/02/2027 12:30:00,Average Weekly Hours,LOW,USD
75a6aac5-a91f-4b0f-945b-079f4c0f65a0,04/02/2027 12:30:00,Labor Force Participation Rate,MEDIUM,USD
67f7c041-08c5-45cb-a24a-ef5f4df1fbf4,04/02/2027 12:30:00,Nonfarm Payrolls,HIGH,USD
08e0747b-07f0-491e-b4c6-ae10d3ec8758,04/02/2027 12:30:00,U6 Underemployment Rate,MEDIUM,USD
57a7d8f8-3268-4b27-af62-5669aa56e81c,04/02/2027 12:30:00,Unemployment Rate,MEDIUM,USD
08f114ac-dbd4-4584-8efc-dbe3b5d0e0fe,04/02/2027 17:00:00,Baker Hughes US Oil Rig Count,LOW,USD
538f29d0-b3d0-462e-a9e1-afee0850a02e,04/02/2027 19:30:00,CFTC Gold NC Net Positions,LOW,USD
d87fa67f-e79e-4b0c-b43a-f92c07411e32,04/02/2027 19:30:00,CFTC Oil NC Net Positions,LOW,USD
4a1dddb6-d516-44dd-b27f-8e6b17f59cb9,04/02/2027 19:30:00,CFTC S&P 500 NC Net Positions,LOW,USD
eddaba36-24d5-4c33-a7b4-968ae371b3c4,04/05/2027 13:45:00,S&P Global Composite PMI,MEDIUM,USD
ded3eee8-1917-4c5d-a029-443471b6d0ca,04/05/2027 13:45:00,S&P Global Services PMI,LOW,USD
356e5a27-6034-45ca-8f46-7d85bc1eaab7,04/05/2027 14:00:00,Factory Orders (MoM),MEDIUM,USD
f78bbf4f-e74c-4d3e-b564-3d9cbfd9c2a8,04/05/2027 14:00:00,ISM Services Employment Index,MEDIUM,USD
7e1a8959-166d-4199-b35c-d0af4e41e2b2,04/05/2027 14:00:00,ISM Services New Orders Index,MEDIUM,USD
acab3eb6-00a2-4a16-99c1-7937b7e54953,04/05/2027 14:00:00,ISM Services PMI,HIGH,USD
da8b63c4-e09f-4d09-8fb4-9b566f420ca0,04/05/2027 14:00:00,ISM Services Prices Paid,MEDIUM,USD
938f5bfd-c16a-4dcc-9716-d21a0e66c955,04/05/2027 15:30:00,3-Month Bill Auction,LOW,USD
8cccecab-dc96-4380-8467-103c8af28f44,04/05/2027 15:30:00,6-Month Bill Auction,LOW,USD
699ab925-17c8-4b5d-9d10-68e7d57a8577,04/06/2027 12:30:00,Goods and Services Trade Balance,LOW,USD
9bce4b75-e928-4c11-a2b1-a9802436a499,04/06/2027 12:30:00,Goods Trade Balance,LOW,USD
fbd83197-2aa4-41ee-b00a-d539a8a21dd0,04/06/2027 12:55:00,Redbook Index (YoY),LOW,USD
3e1b3865-b4a2-4f83-904d-6ab5fccdc002,04/06/2027 14:00:00,JOLTS Job Openings,MEDIUM,USD
b9e44adf-712f-4db2-8e45-c46c1a8b79d7,04/06/2027 14:00:00,RealClearMarkets/TIPP Economic Optimism (MoM),LOW,USD
e590217b-aec3-40b3-a05f-d745a5657d5f,04/06/2027 17:00:00,3-Year Note Auction,LOW,USD
e3b78407-cf72-4a2d-9d86-585226ae74f3,04/06/2027 19:00:00,Consumer Credit Change,LOW,USD
5ea1363e-8418-4447-a4a7-9a4edf06a639,04/06/2027 20:30:00,API Weekly Crude Oil Stock,LOW,USD
6fa8ea30-3fa0-4054-bfe5-9250088429a2,04/07/2027 11:00:00,MBA Mortgage Applications,LOW,USD
db346a08-3158-4e12-9ca3-96bd4861e221,04/07/2027 14:30:00,EIA Crude Oil Stocks Change,LOW,USD
b13374b3-644f-480e-9009-cac09a0f0333,04/07/2027 14:30:00,EIA Distillate Stocks Change,LOW,USD
38cb9079-e021-4eb7-91c4-832b5bc8d83b,04/07/2027 14:30:00,EIA Gasoline Stocks Change,LOW,USD
a7b5c6de-d1a3-4472-8cb6-7a8f190a2da2,04/07/2027 14:30:00,EIA Heating Oil Stocks Change,LOW,USD
4ba04643-587c-4fce-890c-1817d4bea14c,04/07/2027 17:00:00,10-Year Note Auction,LOW,USD
5ea7ebfd-1815-4c39-954b-5bb8586bf00c,04/07/2027 18:00:00,FOMC Minutes,HIGH,USD
f2d06de5-f9f3-408b-afb4-cb1093ec6cd0,04/08/2027 12:30:00,Continuing Jobless Claims,LOW,USD
5ec8fb0c-fdd5-45c7-978c-a63c29a63a41,04/08/2027 12:30:00,Initial Jobless Claims,MEDIUM,USD
675d9a99-c7dc-4e4a-93de-b37da3dba527,04/08/2027 12:30:00,Initial Jobless Claims 4-week average,LOW,USD
1f6285ce-1ab1-4696-9c05-24cfdac4f638,04/08/2027 14:30:00,EIA Natural Gas Storage Change,LOW,USD
77ca3213-dab2-435e-9985-3ec4444c3e51,04/08/2027 15:30:00,4-Week Bill Auction,LOW,USD
9be1c797-8779-45c4-81cd-73cfc20d70c7,04/08/2027 17:00:00,30-Year Bond Auction,LOW,USD
433fec71-33c4-4218-baf5-01f672c7ca87,04/09/2027 14:00:00,Michigan Consumer Expectations Index,MEDIUM,USD
6b31b4ef-e370-44c8-9b13-1ac003965289,04/09/2027 14:00:00,Michigan Consumer Sentiment Index,HIGH,USD
063ac140-749b-4774-b1db-82c207098a3c,04/09/2027 14:00:00,UoM 1-year Consumer Inflation Expectations,MEDIUM,USD
5b0578ce-b7e4-47c5-9b1e-107040a73286,04/09/2027 14:00:00,UoM 5-year Consumer Inflation Expectation,MEDIUM,USD
28c715de-4c84-4c71-b390-491addd0b0ef,04/09/2027 14:00:00,Wholesale Inventories,LOW,USD
9d392290-8796-4f22-9c71-adc125825d1e,04/09/2027 17:00:00,Baker Hughes US Oil Rig Count,LOW,USD
0b552089-d283-4faf-a509-17efaead523c,04/09/2027 19:30:00,CFTC Gold NC Net Positions,LOW,USD
493296a0-9e7e-4c8d-bda9-551140d276ae,04/09/2027 19:30:00,CFTC Oil NC Net Positions,LOW,USD
253a0fd5-99f7-4959-81e4-6e36a5811599,04/09/2027 19:30:00,CFTC S&P 500 NC Net Positions,LOW,USD
2e506066-23d9-4b44-a596-6ece6362422d,04/12/2027 15:30:00,3-Month Bill Auction,LOW,USD
5c29063f-4c0c-49f4-b3d1-017f7d4200e1,04/12/2027 15:30:00,6-Month Bill Auction,LOW,USD
4bba0b86-3c93-4647-baa2-d7ff99e341d1,04/12/2027 18:00:00,Monthly Budget Statement,MEDIUM,USD
09d6595e-313b-4f61-a18d-e87073c129a2,04/13/2027 10:00:00,NFIB Business Optimism Index,LOW,USD
2f276599-4eaa-4f3d-b04b-5ea3afaf012a,04/13/2027 12:15:00,ADP Employment Change 4-week average,MEDIUM,USD
616e3ea0-b2a1-4ecf-ad44-0790cc9abf00,04/13/2027 12:30:00,Consumer Price Index (MoM),HIGH,USD
f549ebc7-d6f2-436d-819d-26afe75a9b66,04/13/2027 12:30:00,Consumer Price Index (YoY),HIGH,USD
93050927-1be9-4a42-9e79-b034a4bad79c,04/13/2027 12:30:00,Consumer Price Index Core s.a,LOW,USD
db52f296-ed35-40d5-9f3b-ce85e7feb494,04/13/2027 12:30:00,Consumer Price Index ex Food & Energy (MoM),HIGH,USD
c5b1356b-5b11-49d5-8f27-f53a49fb86c2,04/13/2027 12:30:00,Consumer Price Index ex Food & Energy (YoY),HIGH,USD
7d0e3f98-6922-422e-bf4c-f970d557a45c,04/13/2027 12:30:00,Consumer Price Index n.s.a (MoM),LOW,USD
d93b2f80-e951-4fc4-8a80-9e83c89bcfd9,04/13/2027 12:30:00,Producer Price Index (MoM),MEDIUM,USD
038bb86b-b524-4091-b336-13c8f2576d63,04/13/2027 12:30:00,Producer Price Index (YoY),MEDIUM,USD
2792f882-a7d1-4a14-9504-8750149fb322,04/13/2027 12:30:00,Producer Price Index ex Food & Energy (MoM),MEDIUM,USD
3d221a7c-a46b-4854-8ca0-0bc0cabf2980,04/13/2027 12:30:00,Producer Price Index ex Food & Energy (YoY),HIGH,USD
7e2df4a4-f7af-4baf-becd-aa1fd1f82643,04/13/2027 12:55:00,Redbook Index (YoY),LOW,USD
f877c0ce-e672-489e-8e6d-057718e5be52,04/13/2027 14:00:00,Existing Home Sales (MoM),LOW,USD
3eb4dab2-65ec-47dd-931a-d979a927068c,04/13/2027 14:00:00,Existing Home Sales Change (MoM),MEDIUM,USD
948f2d41-7c49-49c0-aaf3-c8637ca0a593,04/13/2027 15:30:00,52-Week Bill Auction,LOW,USD
22f98b2a-d7f1-4fe6-8aa9-52acbe00000c,04/13/2027 20:30:00,API Weekly Crude Oil Stock,LOW,USD
bc3a453c-da2a-4a50-9af3-7eedfd01d665,04/14/2027 11:00:00,MBA Mortgage Applications,LOW,USD
3840e969-03d9-4261-969e-d15aea88a096,04/14/2027 14:00:00,Business Inventories,LOW,USD
8d83910f-a30d-41b2-9275-c0e6388295cf,04/14/2027 14:30:00,EIA Crude Oil Stocks Change,LOW,USD
c522bedd-b879-4a0d-8c1a-328f5aefcaae,04/14/2027 14:30:00,EIA Distillate Stocks Change,LOW,USD
474f9769-55b7-4fae-8f39-67cc13e4d80b,04/14/2027 14:30:00,EIA Gasoline Stocks Change,LOW,USD
ea18428a-5ac1-4cfe-bd71-3ec7649d3900,04/14/2027 14:30:00,EIA Heating Oil Stocks Change,LOW,USD
72f473d2-758c-4c43-be07-783b3262b1fd,04/15/2027 12:30:00,Continuing Jobless Claims,LOW,USD
ae606730-267e-4c92-ba96-7fd291ab2dbc,04/15/2027 12:30:00,Export Price Index (MoM),LOW,USD
0da1bcef-a8e7-49f0-8aea-c91a2b83199f,04/15/2027 12:30:00,Export Price Index (YoY),LOW,USD
66a33210-56d7-4e69-b9f4-2ef29adb69ce,04/15/2027 12:30:00,Import Price Index (MoM),LOW,USD
f0a001de-54f3-4abb-a27a-d370d433d2f3,04/15/2027 12:30:00,Import Price Index (YoY),LOW,USD
0fd48db6-8684-4cc7-b80b-19d9c3dc11f0,04/15/2027 12:30:00,Initial Jobless Claims,MEDIUM,USD
a1add4dd-539e-4bbf-b7fa-2fbbbda19bd4,04/15/2027 12:30:00,Initial Jobless Claims 4-week average,LOW,USD
22499fbe-fec6-46c2-b470-8bb68c3ebd02,04/15/2027 12:30:00,NY Empire State Manufacturing Index,MEDIUM,USD
2692e230-8d72-4322-81bf-98401e1e0184,04/15/2027 13:15:00,Capacity Utilization,LOW,USD
153c0a72-bdde-4ee8-a415-681ae969e7f7,04/15/2027 13:15:00,Industrial Production (MoM),MEDIUM,USD
9e7d6cfd-bf82-4733-8e58-d6df136c7754,04/15/2027 14:00:00,NAHB Housing Market Index,LOW,USD
53bd31d5-0cea-4417-bd4f-0b4b25cc9b87,04/15/2027 14:30:00,EIA Natural Gas Storage Change,LOW,USD
3236e664-27ca-4d6d-bce7-25f3417759c0,04/15/2027 15:30:00,4-Week Bill Auction,LOW,USD
19a8ade5-3020-43c1-845e-bbbc858189dd,04/15/2027 20:00:00,Net Long-Term TIC Flows,LOW,USD
393e0d6c-db32-4c34-adb2-b65e68c9a3be,04/15/2027 20:00:00,Total Net TIC Flows,LOW,USD
343ed31c-0b4f-4551-9525-7b5513732488,04/16/2027 12:30:00,Building Permits (MoM),MEDIUM,USD
fe6cdc7c-aa0e-4f09-93d1-c70bf0629bd3,04/16/2027 12:30:00,Building Permits Change,LOW,USD
d197048b-3ce7-41ef-9c9a-0dffc2025d01,04/16/2027 12:30:00,Housing Starts (MoM),MEDIUM,USD
918b0db4-de1a-420d-a85f-760a77af3624,04/16/2027 12:30:00,Housing Starts Change,LOW,USD
bb761dc9-2e14-48d9-af83-bfd29119e859,04/16/2027 12:30:00,Retail Sales (MoM),HIGH,USD
0a67c2b2-d7af-4538-93b5-160212fd2152,04/16/2027 12:30:00,Retail Sales (YoY),LOW,USD
202c15ea-5934-486f-9435-19fb3b3f39a6,04/16/2027 12:30:00,Retail Sales Control Group,HIGH,USD
652f5239-31a1-4724-b781-d9b5490a6341,04/16/2027 12:30:00,Retail Sales ex Autos (MoM),MEDIUM,USD
79f80886-8e21-48c0-b1ea-e472a9765adb,04/16/2027 17:00:00,Baker Hughes US Oil Rig Count,LOW,USD
87365871-6754-4e70-8ffc-5bff41e2d5b3,04/16/2027 19:30:00,CFTC Gold NC Net Positions,LOW,USD
60a05fa7-a108-470c-971c-40a4259dc399,04/16/2027 19:30:00,CFTC Oil NC Net Positions,LOW,USD
f15bd3ac-45b0-4539-99f2-c724685da9e1,04/16/2027 19:30:00,CFTC S&P 500 NC Net Positions,LOW,USD
b1d3f0e6-69d5-48f3-9b2d-7999bc889dbe,04/19/2027 15:30:00,3-Month Bill Auction,LOW,USD
53484ca6-a9bf-4a3e-a632-c78d8d8eb608,04/19/2027 15:30:00,6-Month Bill Auction,LOW,USD
b6648cff-6345-4be0-b755-42f2a948f905,04/20/2027 12:15:00,ADP Employment Change 4-week average,MEDIUM,USD
d94af5d2-ee98-43e9-b219-4521409f972a,04/20/2027 12:55:00,Redbook Index (YoY),LOW,USD
a6e60d17-2ced-4888-a5ff-54f60e2fddab,04/20/2027 20:30:00,API Weekly Crude Oil Stock,LOW,USD
e4d86bf8-edad-49d1-968e-0f003911dc13,04/21/2027 11:00:00,MBA Mortgage Applications,LOW,USD
28215f32-9aa8-4c3e-a989-41074357ea9c,04/21/2027 14:30:00,EIA Crude Oil Stocks Change,LOW,USD
3200b819-b344-40c5-a821-771c82fdec09,04/21/2027 14:30:00,EIA Distillate Stocks Change,LOW,USD
4f1b253a-b94a-4f90-a04d-f9bd4fe850ce,04/21/2027 14:30:00,EIA Gasoline Stocks Change,LOW,USD
8748dd2e-f1b0-4fae-b4f0-4f1779799033,04/21/2027 14:30:00,EIA Heating Oil Stocks Change,LOW,USD
92899f8e-cfc0-4097-b1fc-f7a9893ac48e,04/21/2027 17:00:00,20-Year Bond Auction,LOW,USD
3495eb22-1fb7-406c-8447-5a7b1c6f6062,04/22/2027 12:30:00,Continuing Jobless Claims,LOW,USD
7b20b606-db50-43f5-803f-659c66e4cc10,04/22/2027 12:30:00,Initial Jobless Claims,MEDIUM,USD
abca2951-b656-4b6e-a722-bf8444bcd8ea,04/22/2027 12:30:00,Initial Jobless Claims 4-week average,LOW,USD
f8f0480a-b3a6-42dd-9819-c3c6a0930d08,04/22/2027 12:30:00,Philadelphia Fed Manufacturing Survey,MEDIUM,USD
9925a1b4-56be-4819-9afb-5c2675e5c9ad,04/22/2027 14:00:00,Pending Home Sales (MoM),MEDIUM,USD
a71d5abc-f440-4ecf-9a7b-cdaa01b2f622,04/22/2027 14:00:00,Pending Home Sales (YoY),LOW,USD
0117ae91-b84b-492a-aea1-665dcd1214d4,04/22/2027 14:30:00,EIA Natural Gas Storage Change,LOW,USD
37e8ff63-a567-41ef-95c3-e86f62a0c488,04/22/2027 15:00:00,Kansas Fed Manufacturing Activity,LOW,USD
632ee722-3b9a-4659-9e9e-7bd506acfc7e,04/22/2027 15:30:00,4-Week Bill Auction,LOW,USD
794d4d3f-0872-452c-b726-6868a05b0c72,04/22/2027 17:00:00,5-year TIPS Auction,LOW,USD
b8a1ccad-55c5-4148-a825-a891c132622f,04/23/2027 13:45:00,S&P Global Composite PMI,MEDIUM,USD
5113123c-9807-4c0e-8fb9-f0011b77fedb,04/23/2027 13:45:00,S&P Global Manufacturing PMI,HIGH,USD
f6e9b2ca-f0af-4a73-aa3a-8596582352e4,04/23/2027 13:45:00,S&P Global Services PMI,HIGH,USD
675ac167-22a9-43b6-a5f5-3e24831841af,04/23/2027 14:00:00,Michigan Consumer Expectations Index,MEDIUM,USD
215f5d3e-7c54-4e84-b9a2-aa655415f496,04/23/2027 14:00:00,Michigan Consumer Sentiment Index,MEDIUM,USD
2a1b889e-83be-479c-99af-2af6e84e0c67,04/23/2027 14:00:00,UoM 1-year Consumer Inflation Expectations,MEDIUM,USD
7f20feac-2daf-424b-88fe-4619b2e5b3bc,04/23/2027 14:00:00,UoM 5-year Consumer Inflation Expectation,MEDIUM,USD
9a387cba-50a3-415a-af82-3551922071ea,04/23/2027 17:00:00,Baker Hughes US Oil Rig Count,LOW,USD
5387eefe-7d77-4cff-af08-a58e83d44e57,04/23/2027 19:30:00,CFTC Gold NC Net Positions,LOW,USD
5e6490fc-ba7b-4e58-b845-398d473ec7b9,04/23/2027 19:30:00,CFTC Oil NC Net Positions,LOW,USD
e6e24c86-a596-4a0a-b4fe-302b2570f1bf,04/23/2027 19:30:00,CFTC S&P 500 NC Net Positions,LOW,USD
4968fdea-7399-4815-907e-172473c34a3a,04/26/2027 12:30:00,"Chicago Fed National Activity Index ",LOW,USD
1ccb8120-46d6-46c5-8514-6331597ad69e,04/26/2027 15:30:00,3-Month Bill Auction,LOW,USD
224e0fe7-07c1-4f51-a2bd-e698923ab5ac,04/26/2027 15:30:00,6-Month Bill Auction,LOW,USD
234f8f77-77b5-43ae-acad-ba7d9c087af3,04/26/2027 17:00:00,2-Year Note Auction,LOW,USD
a79a6525-1f11-454d-bb43-d9af9994125b,04/27/2027 12:15:00,ADP Employment Change 4-week average,MEDIUM,USD
b29bf64d-8848-4996-9e70-a98ccace25c1,04/27/2027 12:30:00,Durable Goods Orders,MEDIUM,USD
53a86b6f-56be-40ab-a229-7625b0fd932d,04/27/2027 12:30:00,Durable Goods Orders ex Defense,MEDIUM,USD
fbf32bc4-770a-4a9f-ad72-e271fd4dbccc,04/27/2027 12:30:00,Durable Goods Orders ex Transportation,MEDIUM,USD
40857941-b227-4c27-b14a-331b23ef11ac,04/27/2027 12:30:00,Nondefense Capital Goods Orders ex Aircraft,MEDIUM,USD
f4566b1d-1e55-4752-8881-4cb3642e89a8,04/27/2027 12:55:00,Redbook Index (YoY),LOW,USD
d8aa6a83-3207-4c36-9ff9-1bbb89dd412b,04/27/2027 13:00:00,Housing Price Index (MoM),MEDIUM,USD
252510fd-b2b4-4e4e-9c90-7eabb893be50,04/27/2027 13:00:00,S&P/Case-Shiller Home Price Indices (YoY),LOW,USD
ec04827a-28aa-44c8-b9d2-09af97b3e341,04/27/2027 14:00:00,Consumer Confidence,MEDIUM,USD
16866e4c-0559-43c5-bbb0-e7fa1ed067f7,04/27/2027 14:00:00,New Home Sales (MoM),LOW,USD
268808c7-c498-487e-a63b-baf634df3dc5,04/27/2027 14:00:00,New Home Sales Change (MoM),MEDIUM,USD
add3bfc6-4b00-4d05-9ff2-a9b74074ba1f,04/27/2027 14:00:00,Richmond Fed Manufacturing Index,LOW,USD
d6acdeed-81ff-403a-961c-e944103907ec,04/27/2027 14:30:00,Dallas Fed Manufacturing Business Index,LOW,USD
390b12d3-eda8-4e8f-8472-fd5fba3ac048,04/27/2027 20:30:00,API Weekly Crude Oil Stock,LOW,USD
55dc9375-102c-46c6-b2c5-a4109078d2e8,04/28/2027 11:00:00,MBA Mortgage Applications,LOW,USD
ebff971c-3cbf-4d4a-a4b5-c95ed55c4885,04/28/2027 14:30:00,EIA Crude Oil Stocks Change,LOW,USD
aeddb1a6-1ac6-47fd-b71b-7c4c83ec0bce,04/28/2027 14:30:00,EIA Distillate Stocks Change,LOW,USD
321296b4-ef14-41a8-ad3a-b309a8f6a760,04/28/2027 14:30:00,EIA Gasoline Stocks Change,LOW,USD
ed28f0b1-7610-4c53-8cbc-38cef0dfba07,04/28/2027 14:30:00,EIA Heating Oil Stocks Change,LOW,USD
15953582-2f5a-4f6a-a610-ec1b9c278b82,04/28/2027 17:00:00,5-Year Note Auction,LOW,USD
3e4b29b8-8594-4861-a788-0d1b20f1575d,04/28/2027 18:00:00,Fed Interest Rate Decision,HIGH,USD
780b3dd5-ceab-41b5-9442-03ff494f887a,04/28/2027 18:00:00,Fed Monetary Policy Statement,HIGH,USD
8795602f-8e03-44b5-9013-7725da977c37,04/28/2027 18:30:00,FOMC Press Conference,HIGH,USD
9f326f23-ed98-4f49-9b86-6f73d6c949c0,04/29/2027 12:30:00,Continuing Jobless Claims,LOW,USD
95df45c7-1c81-4a34-9dfe-6c137ac8d26c,04/29/2027 12:30:00,Core Personal Consumption Expenditures - Price Index (MoM),HIGH,USD
f104a38c-d0dc-4e5f-ac8a-e5db9a1d64a1,04/29/2027 12:30:00,Core Personal Consumption Expenditures - Price Index (YoY),HIGH,USD
b6f2960d-8535-49dc-9fad-7817f24e203a,04/29/2027 12:30:00,Core Personal Consumption Expenditures (QoQ),MEDIUM,USD
1675e47a-2232-4a2d-8b15-5a3913d1c3d7,04/29/2027 12:30:00,Goods Trade Balance,LOW,USD
bf85e4ff-8eef-46c7-9026-a71a1b597f2b,04/29/2027 12:30:00,Gross Domestic Product Annualized,HIGH,USD
1ae1e21f-d9dc-40d2-9e1d-a22e454fdfce,04/29/2027 12:30:00,Gross Domestic Product Price Index,HIGH,USD
ad7e6f7d-a913-4b5b-b7c2-d2e5b640ef20,04/29/2027 12:30:00,Initial Jobless Claims,MEDIUM,USD
b3609f9e-9dd6-47ed-920a-4ca9be3cb36e,04/29/2027 12:30:00,Initial Jobless Claims 4-week average,LOW,USD
b2f1fd15-fb14-4d6a-80f2-76ac3a991ead,04/29/2027 12:30:00,Personal Consumption Expenditures - Price Index (MoM),MEDIUM,USD
ae25b6f2-ffd5-4512-8a87-d534c1e44e30,04/29/2027 12:30:00,Personal Consumption Expenditures - Price Index (YoY),MEDIUM,USD
5111b832-a647-4b11-9289-c832acdfc64c,04/29/2027 12:30:00,Personal Consumption Expenditures Prices (QoQ),MEDIUM,USD
433ef9a8-6948-4139-9619-e8f968cb712f,04/29/2027 12:30:00,Personal Income (MoM),MEDIUM,USD
2dca04d6-1ebe-4b96-8a65-b7337ed9b5f4,04/29/2027 12:30:00,Personal Spending,MEDIUM,USD
a341c604-7590-4649-b015-7f6c963abf0e,04/29/2027 12:30:00,Wholesale Inventories,LOW,USD
18013f9b-b843-42de-a426-58adf78d8987,04/29/2027 14:30:00,EIA Natural Gas Storage Change,LOW,USD
c9c9cf57-1954-4042-952d-f06f27bc22ed,04/29/2027 15:30:00,4-Week Bill Auction,LOW,USD
5c1fc806-79cf-40e2-97c7-48f5a8d202e4,04/29/2027 17:00:00,7-Year Note Auction,LOW,USD
e2490c33-187f-4a52-8c6f-964549cbd634,04/30/2027 12:30:00,Employment Cost Index,MEDIUM,USD
7786d9fe-074b-4898-a6e8-686dca22131b,04/30/2027 13:45:00,Chicago PMI,MEDIUM,USD
37b8d4dd-e78b-44e0-b0aa-4e622e03e87c,04/30/2027 17:00:00,Baker Hughes US Oil Rig Count,LOW,USD
9a411711-9907-48e1-af31-d53f9690db48,04/30/2027 19:30:00,CFTC Gold NC Net Positions,LOW,USD
62a7b9c4-7536-4548-a04f-41fdf6d9c9e1,04/30/2027 19:30:00,CFTC Oil NC Net Positions,LOW,USD
da56ed9d-6912-422d-8d98-af9f3beda3d2,04/30/2027 19:30:00,CFTC S&P 500 NC Net Positions,LOW,USD
672b75d8-5814-40d0-83d7-a90c7e470a04,05/03/2027 13:45:00,S&P Global Manufacturing PMI,LOW,USD
cfa0050e-39b9-4145-8035-a36b92b3d46b,05/03/2027 14:00:00,Construction Spending (MoM),LOW,USD
4bbecd60-a28e-4fa8-b21f-d59ab88a5dda,05/03/2027 14:00:00,ISM Manufacturing Employment Index,MEDIUM,USD
c67807f2-f392-45b4-90e4-ee7d535b7079,05/03/2027 14:00:00,ISM Manufacturing New Orders Index,MEDIUM,USD
d6f1595e-bb69-47ba-aeb7-11207fae1cb4,05/03/2027 14:00:00,ISM Manufacturing PMI,HIGH,USD
d3d20d50-03a9-4544-bbf0-e5083d9390df,05/03/2027 14:00:00,ISM Manufacturing Prices Paid,MEDIUM,USD
5b5f990a-0bfd-4c53-8bcb-016fedaf04b5,05/03/2027 15:30:00,3-Month Bill Auction,LOW,USD
58bdf662-5283-4461-b1eb-d359280c8e55,05/03/2027 15:30:00,6-Month Bill Auction,LOW,USD
6f66fa2c-75f0-4556-8f3d-b9e324ccc3f3,05/03/2027 18:00:00,Loan Officer Survey,MEDIUM,USD
0df59568-bc50-4b2e-be84-228849ddafee,05/04/2027 12:30:00,Nonfarm Productivity,MEDIUM,USD
44e4e112-5645-46b5-8ace-9261fa417e16,05/04/2027 12:30:00,Unit Labor Costs,MEDIUM,USD
0d49d38b-8df8-4936-8ada-1820487b3eb6,05/04/2027 12:55:00,Redbook Index (YoY),LOW,USD
9824f93e-dc11-4fd2-b3d0-31a1025d0c48,05/04/2027 14:00:00,Factory Orders (MoM),MEDIUM,USD
3cb9995e-09da-44fc-8b1a-b4e10e5d7edc,05/04/2027 14:00:00,JOLTS Job Openings,MEDIUM,USD
2435c56b-47aa-41b3-b98c-50e56dec7a1c,05/04/2027 14:00:00,RealClearMarkets/TIPP Economic Optimism (MoM),LOW,USD
70d239e3-d26c-43a5-9c24-2adb617306e8,05/04/2027 19:30:00,Total Vehicle Sales,LOW,USD
21c60fc9-41d6-4fb2-a8a7-12248b2d5186,05/04/2027 20:30:00,API Weekly Crude Oil Stock,LOW,USD
dee3e7a6-fc08-42cd-a893-a5a15f2f6c79,05/05/2027 11:00:00,MBA Mortgage Applications,LOW,USD
4743e6ac-d401-4915-b493-8e08b6472be6,05/05/2027 12:15:00,ADP Employment Change,HIGH,USD
3e4bb40d-2bce-4869-b47b-9fd1e3b97070,05/05/2027 12:30:00,Goods and Services Trade Balance,LOW,USD
f800af77-b0b4-4b60-9ffa-bd88a0f5f5b7,05/05/2027 12:30:00,Goods Trade Balance,LOW,USD
3a84f9ac-40ae-471a-8dba-89234a360389,05/05/2027 13:45:00,S&P Global Composite PMI,MEDIUM,USD
fa41c884-f534-4269-9ec7-1be81507ae21,05/05/2027 13:45:00,S&P Global Services PMI,LOW,USD
b3a7c9fd-a26f-4386-9073-d74f2f12b2f4,05/05/2027 14:00:00,ISM Services Employment Index,MEDIUM,USD
37f0d3bc-e4c0-42a1-8288-5af4521b1c71,05/05/2027 14:00:00,ISM Services New Orders Index,MEDIUM,USD
083c8c2f-54d8-4bcd-b72f-47045b2fa327,05/05/2027 14:00:00,ISM Services PMI,HIGH,USD
f3de3735-039f-4d0f-8988-48ff9f86585e,05/05/2027 14:00:00,ISM Services Prices Paid,MEDIUM,USD
c747b2a2-4470-4341-a0c8-6f0839df76b3,05/05/2027 14:30:00,EIA Crude Oil Stocks Change,LOW,USD
9dbe529d-936f-4514-b04d-7f509682e0c0,05/05/2027 14:30:00,EIA Distillate Stocks Change,LOW,USD
67605495-0f35-4e94-b95a-0d8d7817dfb7,05/05/2027 14:30:00,EIA Gasoline Stocks Change,LOW,USD
1e803ec2-a67e-4f03-b1e2-82ceb7d48562,05/05/2027 14:30:00,EIA Heating Oil Stocks Change,LOW,USD
62012a88-5670-47cf-9a35-9e16a332a9c0,05/06/2027 09:30:00,Challenger Job Cuts,MEDIUM,USD
3ec7770b-8d5e-46ed-b693-cd55002fa733,05/06/2027 12:30:00,Continuing Jobless Claims,LOW,USD
e00c26fe-97cc-4d1a-9fbd-b50fcaabfbfb,05/06/2027 12:30:00,Initial Jobless Claims,MEDIUM,USD
2352b446-d25b-4843-977e-221e11c393db,05/06/2027 12:30:00,Initial Jobless Claims 4-week average,LOW,USD
db019435-e933-4ae4-829f-c4c911830422,05/06/2027 14:30:00,EIA Natural Gas Storage Change,LOW,USD
f00b4f19-20a7-4bce-8ffa-03a25fed895c,05/06/2027 15:30:00,4-Week Bill Auction,LOW,USD
c9fd12c4-2350-4af9-9cd0-3519f58ea435,05/06/2027 19:00:00,Consumer Credit Change,LOW,USD
193a6d1f-31f8-48f6-b1e4-61ebe17ad178,05/07/2027 12:30:00,Average Hourly Earnings (MoM),HIGH,USD
5e89bbb7-1341-4fb0-b84d-bbb050c695c8,05/07/2027 12:30:00,Average Hourly Earnings (YoY),HIGH,USD
a86beea1-b24e-4872-a78b-78b7c43c5b3e,05/07/2027 12:30:00,Average Weekly Hours,LOW,USD
7a0d599e-0fc5-475f-af9d-1571d63b57ec,05/07/2027 12:30:00,Labor Force Participation Rate,MEDIUM,USD
10deb594-a45d-46fe-be43-ee84d60a0636,05/07/2027 12:30:00,Nonfarm Payrolls,HIGH,USD
9969ef7d-7cbc-496b-9ef0-3be9127b4bcd,05/07/2027 12:30:00,U6 Underemployment Rate,MEDIUM,USD
90f4883b-6b2d-41bb-91e6-ac60c7da948f,05/07/2027 12:30:00,Unemployment Rate,MEDIUM,USD
294c9b68-5371-422a-81e3-4e84e5e4c946,05/07/2027 17:00:00,Baker Hughes US Oil Rig Count,LOW,USD
eebaffcc-f3b3-48c0-8cfc-edd13cc2fe37,05/07/2027 19:30:00,CFTC Gold NC Net Positions,LOW,USD
7fdff78c-0f6e-42c3-82bd-808e1d841a43,05/07/2027 19:30:00,CFTC Oil NC Net Positions,LOW,USD
0a7cff75-9191-4f71-9c85-f0bbf5828b21,05/07/2027 19:30:00,CFTC S&P 500 NC Net Positions,LOW,USD
6d597778-f5ed-43b5-a9b4-cf8640d6d5da,05/10/2027 15:30:00,3-Month Bill Auction,LOW,USD
36a379a3-2f59-4fbf-aec5-e77b5fa69ea3,05/10/2027 15:30:00,6-Month Bill Auction,LOW,USD
6853849d-3df1-46f1-a2a0-03416026321f,05/11/2027 10:00:00,NFIB Business Optimism Index,LOW,USD
9820377d-bb73-49a6-a4c9-f67a711300b8,05/11/2027 12:15:00,ADP Employment Change 4-week average,MEDIUM,USD
af0b4bea-34ed-499f-8113-8eee3c35ad7c,05/11/2027 12:55:00,Redbook Index (YoY),LOW,USD
155633ab-cd01-49c9-9fdb-3dee93f6e936,05/11/2027 15:30:00,52-Week Bill Auction,LOW,USD
4f8834fb-5cf4-415a-b0f2-febdc0032bb0,05/11/2027 17:00:00,3-Year Note Auction,LOW,USD
8f632517-ac37-4a50-989b-d2b957c3e956,05/11/2027 18:00:00,Monthly Budget Statement,MEDIUM,USD
e5593689-870d-406b-91fe-229d9f52e5b9,05/11/2027 20:30:00,API Weekly Crude Oil Stock,LOW,USD
c51bb9de-9f74-4f05-9558-890b800f651c,05/12/2027 11:00:00,MBA Mortgage Applications,LOW,USD
77b3a67d-ff31-4971-9053-a98477aca20b,05/12/2027 12:30:00,Consumer Price Index (MoM),HIGH,USD
06886cfa-15d9-412c-bc70-d897c6bf7f72,05/12/2027 12:30:00,Consumer Price Index (YoY),HIGH,USD
7fcc9dfe-7228-437b-bd63-b2ac2e6ea7f1,05/12/2027 12:30:00,Consumer Price Index Core s.a,LOW,USD
ea72cdc1-94b3-4e8a-a101-dbdeab817d42,05/12/2027 12:30:00,Consumer Price Index ex Food & Energy (MoM),HIGH,USD
19dd00b9-89a4-497d-8c74-30c75301c12c,05/12/2027 12:30:00,Consumer Price Index ex Food & Energy (YoY),HIGH,USD
0ffb518c-fc80-4c9f-88c0-2b8191500a47,05/12/2027 12:30:00,Consumer Price Index n.s.a (MoM),LOW,USD
7e4896ed-e582-44ca-b372-32afd91b5a66,05/12/2027 14:00:00,Wholesale Inventories,LOW,USD
7ef60e86-cbb1-49b4-89c6-4415890c0bde,05/12/2027 14:30:00,EIA Crude Oil Stocks Change,LOW,USD
7b1ed986-2876-4dce-87e7-60528770057c,05/12/2027 14:30:00,EIA Distillate Stocks Change,LOW,USD
deff8f17-aac0-4492-acc4-ece11720082e,05/12/2027 14:30:00,EIA Gasoline Stocks Change,LOW,USD
7b33f864-bf48-4c6f-bb89-806b8635ee8e,05/12/2027 14:30:00,EIA Heating Oil Stocks Change,LOW,USD
6a217521-ef5a-4e28-996b-ad432ebc750e,05/12/2027 17:00:00,10-Year Note Auction,LOW,USD
e821491e-e135-4e13-8b56-8a908103e300,05/13/2027 12:30:00,Continuing Jobless Claims,LOW,USD
7bb627fa-f2ca-46b5-bf09-9a09f62dcfa1,05/13/2027 12:30:00,Export Price Index (MoM),LOW,USD
f660065b-e995-4930-9bee-ff48a8be3e05,05/13/2027 12:30:00,Export Price Index (YoY),LOW,USD
73645cd7-4b2f-43c6-bc52-cb0cb32b95a2,05/13/2027 12:30:00,Import Price Index (MoM),LOW,USD
cee05a3e-bea6-4b43-b56b-7cdc18c0c149,05/13/2027 12:30:00,Import Price Index (YoY),LOW,USD
abb214e0-9067-4f3b-9492-42a5c5850273,05/13/2027 12:30:00,Initial Jobless Claims,MEDIUM,USD
5371f65f-c3f7-4f0e-9692-44226ce2b00d,05/13/2027 12:30:00,Initial Jobless Claims 4-week average,LOW,USD
afdfb8ca-bb5b-4101-a8d9-aa351414a94b,05/13/2027 12:30:00,Producer Price Index (MoM),MEDIUM,USD
657efb84-a864-4f7f-9f9c-61ccb1f60696,05/13/2027 12:30:00,Producer Price Index (YoY),MEDIUM,USD
da57638e-a7c9-4c88-bbab-b2003055498b,05/13/2027 12:30:00,Producer Price Index ex Food & Energy (MoM),MEDIUM,USD
eef637b9-b302-445a-9758-d9dcd8d5d64b,05/13/2027 12:30:00,Producer Price Index ex Food & Energy (YoY),HIGH,USD
0e8aa87f-7202-42f9-b2f4-0f120c5cd025,05/13/2027 14:00:00,Business Inventories,LOW,USD
50b287f9-f856-481e-9618-eefdee51a69a,05/13/2027 14:00:00,Existing Home Sales (MoM),LOW,USD
5fa1452f-ecf8-47da-9e2d-0441712efd7f,05/13/2027 14:00:00,Existing Home Sales Change (MoM),MEDIUM,USD
b56ef4d9-9e39-4218-a4e9-f8e521eb4eb1,05/13/2027 14:30:00,EIA Natural Gas Storage Change,LOW,USD
bffbcc24-805f-46e0-8aa6-bb196098370d,05/13/2027 15:30:00,4-Week Bill Auction,LOW,USD
c1305406-055c-4eba-99da-c9d7c42f8ec9,05/13/2027 17:00:00,30-Year Bond Auction,LOW,USD
8ae62326-1353-4dda-86d4-cce35908a2d9,05/14/2027 12:30:00,NY Empire State Manufacturing Index,MEDIUM,USD
ecd37a24-8365-40c4-a25a-e8aded07e3cf,05/14/2027 14:00:00,Michigan Consumer Expectations Index,MEDIUM,USD
3a72b762-4061-4cd8-a574-edca207fc8a2,05/14/2027 14:00:00,Michigan Consumer Sentiment Index,HIGH,USD
bd93ad57-4dcf-4b42-8aa9-4b3446a172a9,05/14/2027 14:00:00,UoM 1-year Consumer Inflation Expectations,MEDIUM,USD
61ff6f2d-ecd9-44fe-b2ca-5af1418b11b8,05/14/2027 14:00:00,UoM 5-year Consumer Inflation Expectation,MEDIUM,USD
be8a633b-87e8-4768-8c99-9d39dee75443,05/14/2027 17:00:00,Baker Hughes US Oil Rig Count,LOW,USD
e3870c23-edb1-4cde-97da-18e3e7f0e9bd,05/14/2027 19:30:00,CFTC Gold NC Net Positions,LOW,USD
e685e15d-2dc5-46a1-b7ea-c104daec7ad9,05/14/2027 19:30:00,CFTC Oil NC Net Positions,LOW,USD
446c065e-ecac-47f6-b371-292c2347340f,05/14/2027 19:30:00,CFTC S&P 500 NC Net Positions,LOW,USD
7978ee79-6744-41d4-8508-4bf3d10582c4,05/17/2027 12:30:00,Retail Sales (MoM),HIGH,USD
c68b4c60-d8e8-4f9d-a3d7-5cba580ca50e,05/17/2027 12:30:00,Retail Sales (YoY),LOW,USD
6111de8b-500e-49e3-af2c-b17f274e2435,05/17/2027 12:30:00,Retail Sales Control Group,HIGH,USD
ed47ad2d-c45e-41d1-b886-706b0ff088a4,05/17/2027 12:30:00,Retail Sales ex Autos (MoM),MEDIUM,USD
6276e948-97c7-4a27-af90-4a90878bbd1f,05/17/2027 13:15:00,Capacity Utilization,LOW,USD
1e358289-9c0f-4509-9af1-210691483add,05/17/2027 13:15:00,Industrial Production (MoM),MEDIUM,USD
8e59a367-04ed-4e1d-8486-268a8d2e62a0,05/17/2027 14:00:00,NAHB Housing Market Index,LOW,USD
67e89bb3-a7f9-4435-93aa-db45e52cb56a,05/17/2027 15:30:00,3-Month Bill Auction,LOW,USD
775ce9d4-7c82-4cb7-ae3e-52743eaa279a,05/17/2027 15:30:00,6-Month Bill Auction,LOW,USD
5fec50c0-cb8c-49fa-87e2-873f7c3bd2fd,05/18/2027 12:15:00,ADP Employment Change 4-week average,MEDIUM,USD
3cc5c154-3ad4-4a39-94f6-4695c5c57ab7,05/18/2027 12:30:00,Building Permits (MoM),MEDIUM,USD
70b525fb-b88e-438b-9677-d143507e10ee,05/18/2027 12:30:00,Building Permits Change,LOW,USD
1c9a569d-3fa1-4a06-a414-44e5f4fb0195,05/18/2027 12:30:00,Housing Starts (MoM),MEDIUM,USD
7cc15d7e-f2c9-40fd-933c-84b9fc524293,05/18/2027 12:30:00,Housing Starts Change,LOW,USD
acd3e6eb-34c1-44ad-9584-fc10a9285351,05/18/2027 12:55:00,Redbook Index (YoY),LOW,USD
34b41443-26a0-4570-bbba-c9f3961549d9,05/18/2027 20:00:00,Net Long-Term TIC Flows,LOW,USD
c87f4123-ca7f-49fd-b1a3-e519e8548c94,05/18/2027 20:00:00,Total Net TIC Flows,LOW,USD
ef229b37-c213-40d3-80e9-d89816e5fb6c,05/18/2027 20:30:00,API Weekly Crude Oil Stock,LOW,USD
0ed7b54e-f6f5-425d-a331-1c1d2bbb8bda,05/19/2027 11:00:00,MBA Mortgage Applications,LOW,USD
3634b6c5-5ca9-449f-8c73-11e895768010,05/19/2027 14:30:00,EIA Crude Oil Stocks Change,LOW,USD
10e18675-796a-4f78-896b-cb63ff226380,05/19/2027 14:30:00,EIA Distillate Stocks Change,LOW,USD
1778924d-4cdc-49a5-a333-2d0badd8d91e,05/19/2027 14:30:00,EIA Gasoline Stocks Change,LOW,USD
eaed7dc6-cf70-4c58-80d5-307998ae5abb,05/19/2027 14:30:00,EIA Heating Oil Stocks Change,LOW,USD
144ab27a-b062-48b3-96df-dc7ea0d35b02,05/19/2027 17:00:00,20-Year Bond Auction,LOW,USD
abfc9bcd-5f81-48ea-bd73-05c91a51c7ea,05/19/2027 18:00:00,FOMC Minutes,HIGH,USD
a7e76107-2c6e-40fa-8a63-1d0417abe06f,05/20/2027 12:30:00,Continuing Jobless Claims,LOW,USD
066a2a7e-7db4-48ce-923f-9d5f962b37a5,05/20/2027 12:30:00,Initial Jobless Claims,MEDIUM,USD
491aa7fe-4781-43d6-9584-499c61616f1e,05/20/2027 12:30:00,Initial Jobless Claims 4-week average,LOW,USD
30ae90d3-cf49-4fe9-aa7c-4618d7c63fac,05/20/2027 12:30:00,Philadelphia Fed Manufacturing Survey,MEDIUM,USD
fb73d421-4ea6-4b8b-b367-ba6048ca26b7,05/20/2027 14:00:00,Pending Home Sales (MoM),MEDIUM,USD
bee8f5f6-453e-4500-8414-c76ea799a555,05/20/2027 14:00:00,Pending Home Sales (YoY),LOW,USD
7b8ec075-4c00-48f9-83a7-9ce873ae4eb2,05/20/2027 14:30:00,EIA Natural Gas Storage Change,LOW,USD
e64e1635-8a83-4230-8665-2f51e2c9278e,05/20/2027 15:00:00,Kansas Fed Manufacturing Activity,LOW,USD
97da0e37-922e-46e4-be0e-6a314eba15de,05/20/2027 15:30:00,4-Week Bill Auction,LOW,USD
05cdcb44-605b-4e33-99e9-13511da2f986,05/20/2027 17:00:00,10-year TIPS Auction,LOW,USD
dd50acff-b59b-4987-918e-3245380f9d52,05/21/2027 17:00:00,Baker Hughes US Oil Rig Count,LOW,USD
519c10c9-dc2e-46c9-9f4f-92b472fc9c48,05/21/2027 19:30:00,CFTC Gold NC Net Positions,LOW,USD
fbe91a15-537b-4f94-a83d-6bb9fdcf2753,05/21/2027 19:30:00,CFTC Oil NC Net Positions,LOW,USD
bfe635eb-fb01-4a29-ba56-b75656905ac4,05/21/2027 19:30:00,CFTC S&P 500 NC Net Positions,LOW,USD
1bebce2d-f0f4-4b79-8017-51584dc58a47,05/24/2027 13:45:00,S&P Global Composite PMI,MEDIUM,USD
3ff28b8c-80dd-4680-8683-c5b65a5a1aea,05/24/2027 13:45:00,S&P Global Manufacturing PMI,HIGH,USD
b15f1016-5529-4fc7-af35-9e5615925085,05/24/2027 13:45:00,S&P Global Services PMI,HIGH,USD
c4118e0b-e690-4bc2-9404-5e8872c3c1e4,05/24/2027 15:30:00,3-Month Bill Auction,LOW,USD
de2b8e72-7361-44e3-b7b4-ee96b613afe6,05/24/2027 15:30:00,6-Month Bill Auction,LOW,USD
9ab59d35-bfda-4e7d-8725-c87ca09b1d2e,05/24/2027 17:00:00,2-Year Note Auction,LOW,USD
94f8ef67-48ff-4e7f-8609-6ef75e4b3654,05/25/2027 12:15:00,ADP Employment Change 4-week average,MEDIUM,USD
7e5f7137-22d9-48db-b0d3-d7cfb96993f2,05/25/2027 12:30:00,"Chicago Fed National Activity Index ",LOW,USD
0e080bb7-d496-4d01-bf97-585ef46b9066,05/25/2027 12:55:00,Redbook Index (YoY),LOW,USD
1682ee94-6f92-44db-80e1-223218073b28,05/25/2027 13:00:00,Housing Price Index (MoM),MEDIUM,USD
b7c68de0-f1b3-4d2f-b5fd-d4bf7bf015d6,05/25/2027 13:00:00,S&P/Case-Shiller Home Price Indices (YoY),LOW,USD
b4214676-a526-4ae0-a526-e09d325b47de,05/25/2027 14:00:00,Consumer Confidence,MEDIUM,USD
26d3eab6-45f5-4f9f-86ce-a50cf28f1c65,05/25/2027 14:00:00,New Home Sales (MoM),LOW,USD
9c431ae0-bcaa-45e2-8659-ad67082b85dc,05/25/2027 14:00:00,New Home Sales Change (MoM),MEDIUM,USD
d0a2cd30-cd66-4285-b56c-af3e4923448c,05/25/2027 14:00:00,Richmond Fed Manufacturing Index,LOW,USD
0f92e450-3db3-42fb-891f-e2a193f0d7d6,05/25/2027 20:30:00,API Weekly Crude Oil Stock,LOW,USD
8dc6b56d-d48f-4f9f-afa2-44aff000f276,05/26/2027 11:00:00,MBA Mortgage Applications,LOW,USD
acd3174b-cde1-45e4-8a55-85e369d53480,05/26/2027 12:30:00,Durable Goods Orders,MEDIUM,USD
f1b23400-1d4e-4056-bc6d-c1b39c858c5b,05/26/2027 12:30:00,Durable Goods Orders ex Defense,MEDIUM,USD
e12c7fb5-009f-4406-8113-fa674a9be7b9,05/26/2027 12:30:00,Durable Goods Orders ex Transportation,MEDIUM,USD
5336a45f-b40f-4de7-a33d-b59f275b23c7,05/26/2027 12:30:00,Nondefense Capital Goods Orders ex Aircraft,MEDIUM,USD
13e94d73-c2b3-4898-a803-a6099db7b3a3,05/26/2027 14:30:00,EIA Crude Oil Stocks Change,LOW,USD
f408ad38-7112-4993-a497-1b9d2ab8fd0b,05/26/2027 14:30:00,EIA Gasoline Stocks Change,LOW,USD
d8f878cc-fd72-40fa-944a-ef0f0c2dda2b,05/26/2027 14:30:00,EIA Heating Oil Stocks Change,LOW,USD
ed932778-13fa-4476-b89a-16e17385dc40,05/26/2027 17:00:00,5-Year Note Auction,LOW,USD
e47510d3-d2f3-4deb-a162-08796b695b3f,05/27/2027 12:30:00,Continuing Jobless Claims,LOW,USD
c8f7c677-b706-49c7-b647-07f11320c50d,05/27/2027 12:30:00,Core Personal Consumption Expenditures - Price Index (MoM),HIGH,USD
e46cb96b-c343-4dc0-a398-b60381dda74d,05/27/2027 12:30:00,Core Personal Consumption Expenditures - Price Index (YoY),HIGH,USD
a1bfc750-728b-4976-a700-fd5a86a4df98,05/27/2027 12:30:00,Core Personal Consumption Expenditures (QoQ),MEDIUM,USD
94a423b5-c6fc-41d9-b7ac-3ea6c66498a6,05/27/2027 12:30:00,Goods Trade Balance,LOW,USD
6b3167fa-5a58-4522-9775-45a95ccb5bfc,05/27/2027 12:30:00,Gross Domestic Product Annualized,MEDIUM,USD
97ce8fb6-3b63-4738-bdf9-f5978fc11a1c,05/27/2027 12:30:00,Gross Domestic Product Price Index,MEDIUM,USD
55e337f1-dfd4-4845-8121-231290d2b96c,05/27/2027 12:30:00,Initial Jobless Claims,MEDIUM,USD
5d1aab39-3f61-4b6b-a094-22e91697b420,05/27/2027 12:30:00,Initial Jobless Claims 4-week average,LOW,USD
776edc7c-0851-418a-b2c9-ba890fba373e,05/27/2027 12:30:00,Personal Consumption Expenditures - Price Index (MoM),MEDIUM,USD
dbf9b049-dac2-4586-a68f-e43db9e3f645,05/27/2027 12:30:00,Personal Consumption Expenditures - Price Index (YoY),MEDIUM,USD
81388b39-4393-4ee8-bd14-2e73709f972c,05/27/2027 12:30:00,Personal Consumption Expenditures Prices (QoQ),MEDIUM,USD
78b724e8-6e58-44df-8401-89dd8bab2c80,05/27/2027 12:30:00,Personal Income (MoM),MEDIUM,USD
b3641a90-dbb6-4374-99ec-f802ac25cac4,05/27/2027 12:30:00,Personal Spending,MEDIUM,USD
6bbc4105-783f-40b8-af63-af81da0383f2,05/27/2027 12:30:00,Wholesale Inventories,LOW,USD
d74a3845-9db2-49f1-8490-674bacd87d71,05/27/2027 14:30:00,EIA Distillate Stocks Change,LOW,USD
f81f472a-7835-4114-b475-4f7fd46e8e8c,05/27/2027 14:30:00,EIA Natural Gas Storage Change,LOW,USD
58b64281-6575-43cb-b755-22861ce5425e,05/27/2027 15:30:00,4-Week Bill Auction,LOW,USD
7d862561-e139-494e-a5cb-a2f21c1a0cb8,05/27/2027 17:00:00,7-Year Note Auction,LOW,USD
0a4b9ef5-46f9-4020-9ebb-77cb6dacdb3e,05/28/2027 14:00:00,Michigan Consumer Expectations Index,MEDIUM,USD
c8bd4c80-4fb1-4393-8931-543eed70993f,05/28/2027 14:00:00,Michigan Consumer Sentiment Index,MEDIUM,USD
65eaa9ad-b636-43e8-84c3-a14c3430c1ec,05/28/2027 14:00:00,UoM 1-year Consumer Inflation Expectations,MEDIUM,USD
40eb98d1-859d-49c0-9cb3-ff81f258d6dd,05/28/2027 14:00:00,UoM 5-year Consumer Inflation Expectation,MEDIUM,USD
8ea621da-b304-4d13-a821-a2d087a4bbc4,05/28/2027 17:00:00,Baker Hughes US Oil Rig Count,LOW,USD
3572fa90-ae7c-4ea7-bfac-9e96373f6012,05/28/2027 19:30:00,CFTC Gold NC Net Positions,LOW,USD
b6862334-1f38-4747-b03f-a6235162dcfa,05/28/2027 19:30:00,CFTC Oil NC Net Positions,LOW,USD
24ecc0e5-1a7f-4dcb-93ce-9a6b10c25b0e,05/28/2027 19:30:00,CFTC S&P 500 NC Net Positions,LOW,USD
f8615131-77dc-4131-a43a-b8cac8bdf850,05/31/2027 13:45:00,Chicago PMI,MEDIUM,USD
7221384c-af5c-4bbc-83df-45ae6a6c3528,05/31/2027 14:30:00,Dallas Fed Manufacturing Business Index,LOW,USD
fa513dc3-f204-40bf-acd1-3cccd9896dff,05/31/2027 15:30:00,3-Month Bill Auction,LOW,USD
b03bc709-6c12-4cc8-9c2b-5c496fbff44c,05/31/2027 15:30:00,6-Month Bill Auction,LOW,USD
d0bb5847-9101-499e-8f27-4e96a545eb08,06/01/2027 12:55:00,Redbook Index (YoY),LOW,USD
92294871-b9d2-464f-bf95-fb2107268d07,06/01/2027 13:45:00,S&P Global Manufacturing PMI,LOW,USD
ed7e5d3b-a0a8-4c53-9a6a-ecee2d3a1923,06/01/2027 14:00:00,Construction Spending (MoM),LOW,USD
a1772b8c-dae8-4ce8-8c2a-65e8c6247294,06/01/2027 14:00:00,ISM Manufacturing Employment Index,MEDIUM,USD
b413927f-1026-45b5-a225-f464b156b283,06/01/2027 14:00:00,ISM Manufacturing New Orders Index,MEDIUM,USD
4461b3b5-8d2e-49a2-92ae-7820276d617e,06/01/2027 14:00:00,ISM Manufacturing PMI,HIGH,USD
f5325a4f-dc21-4a20-9236-2864b260b351,06/01/2027 14:00:00,ISM Manufacturing Prices Paid,MEDIUM,USD
fdbf30de-63df-4c62-a319-0b83f0d28c10,06/01/2027 14:00:00,JOLTS Job Openings,MEDIUM,USD
b9c11535-f2d4-480d-a9bf-3b793ec891f2,06/01/2027 14:00:00,RealClearMarkets/TIPP Economic Optimism (MoM),LOW,USD
959a74a6-513e-425c-9776-def343848d31,06/02/2027 11:00:00,MBA Mortgage Applications,LOW,USD
857f15c8-3696-4603-9827-0c8fcbd4fd68,06/02/2027 12:15:00,ADP Employment Change,HIGH,USD
961a49dc-14ad-4d2a-836f-acbef953c119,06/02/2027 20:30:00,API Weekly Crude Oil Stock,LOW,USD
0f54db6f-b78d-443f-876b-62bbe5b3562d,06/03/2027 09:30:00,Challenger Job Cuts,MEDIUM,USD
2e6c772a-5787-4378-89c6-778a62334fb5,06/03/2027 12:30:00,Continuing Jobless Claims,LOW,USD
9cc8b58b-7d27-41c7-b659-7ac9677a84c8,06/03/2027 12:30:00,Goods and Services Trade Balance,LOW,USD
9f0cc043-6470-4eeb-a1ba-dc4d14af04d4,06/03/2027 12:30:00,Goods Trade Balance,LOW,USD
f76e860f-f616-4122-aa2d-eae2cc371002,06/03/2027 12:30:00,Initial Jobless Claims,MEDIUM,USD
acde1cdf-cd4a-4dfa-913d-cfc91f9a7a4a,06/03/2027 12:30:00,Initial Jobless Claims 4-week average,LOW,USD
5339c519-6349-4e17-a0bf-e421f7e6fca3,06/03/2027 12:30:00,Nonfarm Productivity,MEDIUM,USD
0f102728-3921-49b9-9941-86470a3f1118,06/03/2027 12:30:00,Unit Labor Costs,MEDIUM,USD
a98b8496-3c20-4baf-a582-2c339702337b,06/03/2027 13:45:00,S&P Global Composite PMI,MEDIUM,USD
6f215b7a-5de4-408c-b937-69717a04c8c9,06/03/2027 13:45:00,S&P Global Services PMI,LOW,USD
3411c657-2508-4884-b39f-c7e76efe7bf2,06/03/2027 14:00:00,Factory Orders (MoM),MEDIUM,USD
96feb9c1-1c01-4337-9cab-bc259e583d63,06/03/2027 14:00:00,ISM Services Employment Index,MEDIUM,USD
858d8919-1e29-4112-8db7-e5b357d08fcb,06/03/2027 14:00:00,ISM Services New Orders Index,MEDIUM,USD
bdd1f9b9-7c73-48b6-9e5d-887e64e57513,06/03/2027 14:00:00,ISM Services PMI,HIGH,USD
68928b50-8e32-43d1-86e8-8f24aebf6429,06/03/2027 14:00:00,ISM Services Prices Paid,MEDIUM,USD
00afc817-020f-4cca-9dd2-18289d6c1e20,06/03/2027 14:30:00,EIA Natural Gas Storage Change,LOW,USD
1b80300a-550e-403c-94bd-e499fab0de37,06/03/2027 15:30:00,4-Week Bill Auction,LOW,USD
2fc5f15a-8e15-4b5b-95c2-e94c964cdd63,06/03/2027 16:00:00,EIA Crude Oil Stocks Change,LOW,USD
6af148ca-6471-4a02-aeca-fc1504787228,06/03/2027 16:00:00,EIA Distillate Stocks Change,LOW,USD
72e4e230-dc7f-4528-a60f-17fce116a969,06/03/2027 16:00:00,EIA Gasoline Stocks Change,LOW,USD
00936fe6-a730-4887-8376-15551809f7bb,06/03/2027 16:00:00,EIA Heating Oil Stocks Change,LOW,USD
2593b70a-d6a7-4e4f-8187-1eb84cc82559,06/03/2027 19:30:00,Total Vehicle Sales,LOW,USD
50993276-14e2-403b-b870-ebf34dd60793,06/04/2027 12:30:00,Average Hourly Earnings (MoM),HIGH,USD
5fd0d222-e4cc-461e-bb81-9fe9c8801e1e,06/04/2027 12:30:00,Average Hourly Earnings (YoY),HIGH,USD
ac15f805-dbb5-4899-8980-1a77cf2e69cc,06/04/2027 12:30:00,Average Weekly Hours,LOW,USD
30521b50-e99f-475b-b40c-b7d908a27535,06/04/2027 12:30:00,Labor Force Participation Rate,MEDIUM,USD
6cbf43d2-3131-490a-8399-7f138cebd3ac,06/04/2027 12:30:00,Nonfarm Payrolls,HIGH,USD
c7ccf2d6-e2a0-4283-b912-055df585d788,06/04/2027 12:30:00,U6 Underemployment Rate,MEDIUM,USD
e53797d8-055f-434d-b6ac-1e8fdd9eccfd,06/04/2027 12:30:00,Unemployment Rate,MEDIUM,USD
7525af41-0ef7-4a69-a7ca-43c58e87588c,06/04/2027 17:00:00,Baker Hughes US Oil Rig Count,LOW,USD
fa41a75e-4182-4cd0-b306-fb47bb99841f,06/04/2027 19:30:00,CFTC Gold NC Net Positions,LOW,USD
f942f5bb-f154-4586-b689-644d8ce970df,06/04/2027 19:30:00,CFTC Oil NC Net Positions,LOW,USD
f953160b-14b4-4883-abdc-f679e56027d0,06/04/2027 19:30:00,CFTC S&P 500 NC Net Positions,LOW,USD
ebbb62c6-afc0-447d-b4e7-af4c62064aa9,06/07/2027 15:30:00,3-Month Bill Auction,LOW,USD
74d066eb-d392-4af3-b3e7-8eb6b0bee159,06/07/2027 15:30:00,6-Month Bill Auction,LOW,USD
f1358123-e233-41a0-91ee-53e9d2e0b9b7,06/07/2027 19:00:00,Consumer Credit Change,LOW,USD
9d113c96-82cd-4355-8a25-1a92aeed924a,06/08/2027 10:00:00,NFIB Business Optimism Index,LOW,USD
76d52f16-2435-4f62-a212-cabb766de5cc,06/08/2027 12:15:00,ADP Employment Change 4-week average,MEDIUM,USD
5207158f-7b00-42ab-9883-e6fedee134f3,06/08/2027 12:55:00,Redbook Index (YoY),LOW,USD
56ca3fb5-5e94-4bc6-8b0f-ce0c242ac97c,06/08/2027 15:30:00,52-Week Bill Auction,LOW,USD
1cc7ad25-b7e5-4d78-852d-c157b88b291a,06/08/2027 17:00:00,3-Year Note Auction,LOW,USD
17c3dab9-2ac5-4d88-b287-9d1c6310f3f7,06/08/2027 20:30:00,API Weekly Crude Oil Stock,LOW,USD
95460c28-7728-466c-b8fd-bf0b9b52d3e2,06/09/2027 11:00:00,MBA Mortgage Applications,LOW,USD
1b7e8f09-f19b-4136-a06b-936e1a264f71,06/09/2027 14:30:00,EIA Crude Oil Stocks Change,LOW,USD
9ffa01a9-57d2-462b-a10b-cbe47e0c4949,06/09/2027 14:30:00,EIA Distillate Stocks Change,LOW,USD
936fbca6-60a2-487c-869d-af578f9a29e3,06/09/2027 14:30:00,EIA Gasoline Stocks Change,LOW,USD
22e37979-f6dd-412b-90cf-76f2e1d45b74,06/09/2027 14:30:00,EIA Heating Oil Stocks Change,LOW,USD
d3fa9d1f-f91d-4b3f-ac8b-45d5434a92e6,06/09/2027 17:00:00,10-Year Note Auction,LOW,USD
65ce17da-e88f-4faa-8836-4f8491261b8c,06/09/2027 18:00:00,Fed Interest Rate Decision,HIGH,USD
a3b29192-61c6-4c6b-b4f4-c7629010e3cf,06/09/2027 18:00:00,Fed Monetary Policy Statement,HIGH,USD
48df31f8-5892-4c04-96a7-e506ed1c761b,06/09/2027 18:00:00,FOMC Economic Projections,HIGH,USD
7894439d-5533-4aaa-a3b6-08d92b7b803e,06/09/2027 18:00:00,Interest Rate Projections - 1st year,HIGH,USD
e5a9226d-1464-4e53-9b50-5650d282e212,06/09/2027 18:00:00,Interest Rate Projections - 2nd year,HIGH,USD
38121ab6-6128-436b-bc1d-32ca1e844014,06/09/2027 18:00:00,Interest Rate Projections - Current,HIGH,USD
86ca4f09-4004-43aa-a5f0-20a4ebec5c05,06/09/2027 18:00:00,Interest Rate Projections - Longer,HIGH,USD
084aa8f7-d222-4ac3-8eb2-ea97cbe67c0e,06/09/2027 18:30:00,FOMC Press Conference,HIGH,USD
a9764e12-5a7c-4aa0-add2-9264d69b59ad,06/10/2027 12:30:00,Consumer Price Index (MoM),HIGH,USD
4e6672f3-8c35-4807-8959-d0bdfbf28cce,06/10/2027 12:30:00,Consumer Price Index (YoY),HIGH,USD
b1cbbac1-b911-486b-a035-c92d365a90e5,06/10/2027 12:30:00,Consumer Price Index Core s.a,LOW,USD
c5344bbe-5032-4aa8-85cd-75a09476bb22,06/10/2027 12:30:00,Consumer Price Index ex Food & Energy (MoM),HIGH,USD
818c00d5-f44b-4f57-8925-ad3ed6a315fe,06/10/2027 12:30:00,Consumer Price Index ex Food & Energy (YoY),HIGH,USD
c241de09-b40c-4385-bcd8-cd9a768f734c,06/10/2027 12:30:00,Consumer Price Index n.s.a (MoM),LOW,USD
2dc64d46-d87d-443e-a469-ac167cf84e0b,06/10/2027 12:30:00,Continuing Jobless Claims,LOW,USD
0896b2b0-1376-4bdb-9c93-541f133949bc,06/10/2027 12:30:00,Initial Jobless Claims,MEDIUM,USD
30cb0932-f97e-4be3-bbc6-9e555910fcd8,06/10/2027 12:30:00,Initial Jobless Claims 4-week average,LOW,USD
c668bb4f-d454-4838-94c3-f9f514b681cc,06/10/2027 14:00:00,Existing Home Sales (MoM),LOW,USD
9082ded3-06d2-4ba4-8362-d21e1eaf16dc,06/10/2027 14:00:00,Existing Home Sales Change (MoM),MEDIUM,USD
a10058a6-8517-4529-9ef6-8cfd0f476a21,06/10/2027 14:00:00,Wholesale Inventories,LOW,USD
7801ff70-6c96-453b-8f16-02885fee3f0a,06/10/2027 14:30:00,EIA Natural Gas Storage Change,LOW,USD
a939c976-00ff-45e6-906c-b5082b422c14,06/10/2027 15:30:00,4-Week Bill Auction,LOW,USD
c258574f-41c2-4768-92b5-357b19df0ac3,06/10/2027 17:00:00,30-Year Bond Auction,LOW,USD
aff136d4-e99a-477e-ac8d-c0321de14745,06/10/2027 18:00:00,Monthly Budget Statement,MEDIUM,USD
2b651b31-d340-4d49-8819-de784690a81c,06/11/2027 14:00:00,Michigan Consumer Expectations Index,MEDIUM,USD
0505805d-bd9a-446e-b219-6ccbbab8a284,06/11/2027 14:00:00,Michigan Consumer Sentiment Index,HIGH,USD
b1af97fc-fc25-4834-982b-91b4372a6aba,06/11/2027 14:00:00,UoM 1-year Consumer Inflation Expectations,MEDIUM,USD
bbb8b1f0-184e-4942-bbe7-504ca9104985,06/11/2027 14:00:00,UoM 5-year Consumer Inflation Expectation,MEDIUM,USD
b541fab3-82fa-49a7-a269-0416bfd58181,06/11/2027 17:00:00,Baker Hughes US Oil Rig Count,LOW,USD
45eec099-a9bc-4642-a52e-12cd9402422b,06/11/2027 19:30:00,CFTC Gold NC Net Positions,LOW,USD
c7368ec7-46fb-4b7a-a783-1f0fb3471a95,06/11/2027 19:30:00,CFTC Oil NC Net Positions,LOW,USD
2bf25b65-b03b-4ef5-940c-8227dfa167c0,06/11/2027 19:30:00,CFTC S&P 500 NC Net Positions,LOW,USD
e98ddf92-f402-4fab-8ddf-0d3c09a9bbc5,06/14/2027 15:30:00,3-Month Bill Auction,LOW,USD
f7e88d01-7564-4442-87d9-86074bce0f01,06/14/2027 15:30:00,6-Month Bill Auction,LOW,USD
00a2a74f-c599-4fd7-a769-662b30a7af22,06/15/2027 12:15:00,ADP Employment Change 4-week average,MEDIUM,USD
5fdda41c-c801-4477-a5cb-a4121846df53,06/15/2027 12:30:00,Producer Price Index (MoM),MEDIUM,USD
750387d7-c8d3-4491-abb4-7004ae2d154a,06/15/2027 12:30:00,Producer Price Index (YoY),MEDIUM,USD
3af1a0c0-6aa9-4271-a409-a47679ce4b18,06/15/2027 12:30:00,Producer Price Index ex Food & Energy (MoM),MEDIUM,USD
414590b5-a9c2-4a5e-8c62-8782e13ef9fd,06/15/2027 12:30:00,Producer Price Index ex Food & Energy (YoY),HIGH,USD
6765ed69-a685-4ef2-b21c-62495ae3845a,06/15/2027 12:55:00,Redbook Index (YoY),LOW,USD
aa56450c-7c47-4f17-b703-aa9ba1bfd76e,06/15/2027 14:00:00,Business Inventories,LOW,USD
5f1bd0d2-8ee8-4b7d-aea7-41934180b084,06/15/2027 14:00:00,NAHB Housing Market Index,LOW,USD
69dbdb3f-9193-4c89-bb76-5c7d4921e814,06/15/2027 20:30:00,API Weekly Crude Oil Stock,LOW,USD
edeb3d53-f5b8-4bb3-a0cd-896c0de992f4,06/16/2027 11:00:00,MBA Mortgage Applications,LOW,USD
65ac98c0-fca0-4515-9474-3599901edd82,06/16/2027 12:30:00,Export Price Index (MoM),LOW,USD
44f376c5-1054-4af2-a7d3-a02b2122f86e,06/16/2027 12:30:00,Export Price Index (YoY),LOW,USD
c23d7b6f-9699-4e6d-9006-f81042bce2ce,06/16/2027 12:30:00,Import Price Index (MoM),LOW,USD
7a9b367f-a624-414e-886f-82fd9148e948,06/16/2027 12:30:00,Import Price Index (YoY),LOW,USD
f4f184ad-9a16-4aa3-acaf-85d1a605a9f1,06/16/2027 12:30:00,NY Empire State Manufacturing Index,MEDIUM,USD
2cc63f94-6381-4ebb-bc5c-da0b5fd29f91,06/16/2027 12:30:00,Retail Sales (MoM),HIGH,USD
21bebebf-6d0c-48ae-9463-11b12acfc707,06/16/2027 12:30:00,Retail Sales (YoY),LOW,USD
b3938431-9727-4c9b-a238-0c1238e09116,06/16/2027 12:30:00,Retail Sales Control Group,HIGH,USD
12de4eb0-7063-47eb-a64b-c673fe6219c4,06/16/2027 12:30:00,Retail Sales ex Autos (MoM),MEDIUM,USD
b3177b9c-6429-4620-b2d6-7018a3326df8,06/16/2027 13:15:00,Capacity Utilization,LOW,USD
99ea9c72-1894-4cd0-9086-5ff2acce0d69,06/16/2027 13:15:00,Industrial Production (MoM),MEDIUM,USD
a946a862-e11e-4d9e-a8e9-dfd3d1ad11a2,06/16/2027 14:30:00,EIA Crude Oil Stocks Change,LOW,USD
bc27423f-cc57-4cd8-b68b-748bfb50804b,06/16/2027 14:30:00,EIA Distillate Stocks Change,LOW,USD
9f06cdc5-36e2-442a-9e1e-cf88320b6033,06/16/2027 14:30:00,EIA Gasoline Stocks Change,LOW,USD
e54cd1eb-1111-4647-a61a-2bee4877c784,06/16/2027 14:30:00,EIA Heating Oil Stocks Change,LOW,USD
162d0d92-638f-4802-945a-a143b97c7c1b,06/16/2027 17:00:00,20-Year Bond Auction,LOW,USD
696e3606-9c5e-40ea-91a4-c6ddcc16362d,06/16/2027 20:00:00,Net Long-Term TIC Flows,LOW,USD
9d1e903d-5a82-4287-96d4-88144ea30511,06/16/2027 20:00:00,Total Net TIC Flows,LOW,USD
c4ba433d-d11c-44df-8ccb-9da3152038b6,06/17/2027 12:30:00,Building Permits (MoM),MEDIUM,USD
4854f678-0a66-4e1c-b047-caa2680ca3af,06/17/2027 12:30:00,Building Permits Change,LOW,USD
c2327679-1beb-440f-83cb-c6fd7aa10216,06/17/2027 12:30:00,Continuing Jobless Claims,LOW,USD
e050194a-b9fc-4c02-af98-65ef93f48790,06/17/2027 12:30:00,Housing Starts (MoM),MEDIUM,USD
9a4eda4c-e9ee-4902-8ea3-b14283097848,06/17/2027 12:30:00,Housing Starts Change,LOW,USD
1d224f64-04f9-4b45-a234-d31f567aadad,06/17/2027 12:30:00,Initial Jobless Claims,MEDIUM,USD
21ca6114-7f41-4f6d-94b5-93a42df6c566,06/17/2027 12:30:00,Initial Jobless Claims 4-week average,LOW,USD
7aa69579-7066-4ae7-9565-2b45fa3c794a,06/17/2027 12:30:00,Philadelphia Fed Manufacturing Survey,MEDIUM,USD
28053307-ef7a-4200-87a7-76cea070c6b2,06/17/2027 14:00:00,Pending Home Sales (MoM),MEDIUM,USD
9f2c69f5-638a-4689-8720-155ca690e0cb,06/17/2027 14:00:00,Pending Home Sales (YoY),LOW,USD
d322d039-b98e-457b-bb77-68f58083f41d,06/17/2027 14:30:00,EIA Natural Gas Storage Change,LOW,USD
21b877b4-c27c-4355-8035-4149a4b1f37a,06/17/2027 15:30:00,4-Week Bill Auction,LOW,USD
8e7d4d8f-3b2f-4327-bcf6-4f35efd27d11,06/17/2027 17:00:00,5-year TIPS Auction,LOW,USD
1869391e-dbe8-4799-a8a1-444bb09dc3a3,06/18/2027 17:00:00,Baker Hughes US Oil Rig Count,LOW,USD
1de45ae8-5e86-4822-8cea-c6cb3507671d,06/18/2027 19:30:00,CFTC Gold NC Net Positions,LOW,USD
c10f2c77-73dd-45c7-95ef-2604efa2bc90,06/18/2027 19:30:00,CFTC Oil NC Net Positions,LOW,USD
8da0bb13-adee-416a-b0cb-ab751515eaf1,06/18/2027 19:30:00,CFTC S&P 500 NC Net Positions,LOW,USD
e35158a1-b93c-4000-bf8d-9fa79b43d8c1,06/21/2027 15:30:00,3-Month Bill Auction,LOW,USD
d9eef3c7-e038-4765-ba92-55f08dd89c3a,06/21/2027 15:30:00,6-Month Bill Auction,LOW,USD
73754fb6-2c6e-4fe4-854c-7209eef8e9d5,06/22/2027 12:15:00,ADP Employment Change 4-week average,MEDIUM,USD
b6c6045f-a7c8-481d-8a0d-1504f918a546,06/22/2027 12:55:00,Redbook Index (YoY),LOW,USD
ca5363c9-e13c-439d-a02e-9cf51c0d8cf7,06/22/2027 14:00:00,Richmond Fed Manufacturing Index,LOW,USD
282067ee-29b4-4376-8677-2f91cbf3ae36,06/22/2027 20:30:00,API Weekly Crude Oil Stock,LOW,USD
1e7c882e-11ee-4e80-a469-e07a6e658be9,06/23/2027 11:00:00,MBA Mortgage Applications,LOW,USD
999bf7ba-48c8-4eb9-b632-d08caf98a13f,06/23/2027 13:45:00,S&P Global Composite PMI,MEDIUM,USD
7b197ef8-8bf7-4318-a519-94d09c5c84e7,06/23/2027 13:45:00,S&P Global Manufacturing PMI,HIGH,USD
1a7fc462-a7db-4485-b826-f3bf82e0bd8d,06/23/2027 13:45:00,S&P Global Services PMI,HIGH,USD
856d5c91-2445-4694-8e06-759169d4f568,06/23/2027 14:30:00,EIA Crude Oil Stocks Change,LOW,USD
f2207a11-23ad-44ac-b0d1-9cc64ec32c81,06/23/2027 14:30:00,EIA Distillate Stocks Change,LOW,USD
bc281b6f-d4ff-478f-a8a2-27312b8ba905,06/23/2027 14:30:00,EIA Gasoline Stocks Change,LOW,USD
d1151a56-df65-419a-939f-c4e0af109413,06/23/2027 14:30:00,EIA Heating Oil Stocks Change,LOW,USD
1bc7f5a3-cd23-495d-8013-d48b4e0e07cc,06/23/2027 17:00:00,5-Year Note Auction,LOW,USD
204f68e7-f5ad-46ac-aef3-d7f9182b3475,06/24/2027 12:30:00,"Chicago Fed National Activity Index ",LOW,USD
47d1ffe5-cfd3-4ce3-8d74-d5403c5ce154,06/24/2027 12:30:00,Continuing Jobless Claims,LOW,USD
65db893f-1ac3-455c-9faf-0e75da230d29,06/24/2027 12:30:00,Current Account,LOW,USD
ea1addcb-7a89-410b-bfa2-c5709e490be5,06/24/2027 12:30:00,Initial Jobless Claims,MEDIUM,USD
1b2dfafe-cccd-4e17-afd9-51f503d61cec,06/24/2027 12:30:00,Initial Jobless Claims 4-week average,LOW,USD
fefffb89-f4da-4070-abfb-13f633bf2f2c,06/24/2027 14:00:00,New Home Sales (MoM),LOW,USD
9bf44d00-3da9-4766-9cfe-c4afcb49ed99,06/24/2027 14:00:00,New Home Sales Change (MoM),MEDIUM,USD
d710f40f-5c7d-49f9-82c7-ef0a9cb91823,06/24/2027 14:30:00,EIA Natural Gas Storage Change,LOW,USD
12a575fd-f12f-40de-bd74-ae4d278be2b1,06/24/2027 15:00:00,Kansas Fed Manufacturing Activity,LOW,USD
8f795d89-dcb9-4b02-8c79-47f49e107963,06/24/2027 15:30:00,4-Week Bill Auction,LOW,USD
c086563e-a819-4cd0-9283-9573c64991b3,06/25/2027 12:30:00,Durable Goods Orders,MEDIUM,USD
58ab9910-cd3d-43fa-9f32-9bba8d2864a6,06/25/2027 12:30:00,Durable Goods Orders ex Defense,MEDIUM,USD
17c468de-db5a-400c-b2ef-b0dd3a59f883,06/25/2027 12:30:00,Durable Goods Orders ex Transportation,MEDIUM,USD
fde62574-7e0c-4237-844a-409aad187665,06/25/2027 12:30:00,Nondefense Capital Goods Orders ex Aircraft,MEDIUM,USD
783261aa-bce2-4348-9244-b44baf24a003,06/25/2027 14:00:00,Michigan Consumer Expectations Index,MEDIUM,USD
f5150d7a-c1ba-4f50-b61e-a1c4cab24979,06/25/2027 14:00:00,Michigan Consumer Sentiment Index,MEDIUM,USD
bbca2d65-4f60-4c5e-9089-d69c83567d12,06/25/2027 14:00:00,UoM 1-year Consumer Inflation Expectations,MEDIUM,USD
ef03adf2-188f-4522-baa1-80b6c332cb06,06/25/2027 14:00:00,UoM 5-year Consumer Inflation Expectation,MEDIUM,USD
16d5c4f1-be89-4036-8feb-b08fae6585ae,06/25/2027 17:00:00,Baker Hughes US Oil Rig Count,LOW,USD
be5003d7-c538-46d7-8a29-7a890cd63db4,06/25/2027 19:30:00,CFTC Gold NC Net Positions,LOW,USD
1934fcde-1e37-485b-94d6-5c7c092a70ea,06/25/2027 19:30:00,CFTC Oil NC Net Positions,LOW,USD
125b6cd4-3408-4e84-88d2-5307c9cb5349,06/25/2027 19:30:00,CFTC S&P 500 NC Net Positions,LOW,USD
1bf7399f-e236-4b77-9561-b0b57ebff0f4,06/28/2027 15:30:00,3-Month Bill Auction,LOW,USD
19a7efa5-f12c-44bf-907a-064d5aa6cc93,06/28/2027 15:30:00,6-Month Bill Auction,LOW,USD
2ba50f15-148a-46a1-bb00-c2142a905e1d,06/28/2027 17:00:00,2-Year Note Auction,LOW,USD
df8c689e-0d56-4d95-8582-f6a77e741047,06/29/2027 12:15:00,ADP Employment Change 4-week average,MEDIUM,USD
b2c37c57-d40b-4467-a749-bd7f71730a9a,06/29/2027 12:30:00,Goods Trade Balance,LOW,USD
ac663c0a-4c8c-4bb5-8645-2af49dfed6b2,06/29/2027 12:55:00,Redbook Index (YoY),LOW,USD
64ac98ea-3bd6-46d0-b25e-70a2218f2020,06/29/2027 13:00:00,Housing Price Index (MoM),MEDIUM,USD
0d8673fb-8d0a-4e16-a70a-112e533b28a2,06/29/2027 13:00:00,S&P/Case-Shiller Home Price Indices (YoY),LOW,USD
6972bf72-81c8-45e9-8f17-45136173492b,06/29/2027 14:00:00,Consumer Confidence,MEDIUM,USD
b8308e60-7b15-4706-8577-2f09d1e0d332,06/29/2027 17:00:00,7-Year Note Auction,LOW,USD
668e3422-d281-4208-bde3-6fa57bff99a6,06/29/2027 20:30:00,API Weekly Crude Oil Stock,LOW,USD
2e8351c3-df09-4db9-af0d-77abd20ae6a7,06/30/2027 11:00:00,MBA Mortgage Applications,LOW,USD
de9d5d36-7e01-4d4c-b673-cbc634b00846,06/30/2027 12:15:00,ADP Employment Change,HIGH,USD
c7278a9b-197d-45e6-b347-1eb4ee45aa68,06/30/2027 12:30:00,Core Personal Consumption Expenditures - Price Index (MoM),HIGH,USD
fa73477a-da34-47cb-9054-6d270b674c80,06/30/2027 12:30:00,Core Personal Consumption Expenditures - Price Index (YoY),HIGH,USD
907a94ff-3fc8-4065-a189-899a11ba87ba,06/30/2027 12:30:00,Core Personal Consumption Expenditures (QoQ),MEDIUM,USD
d632493d-0343-4eec-a92b-2f61b50013cb,06/30/2027 12:30:00,Gross Domestic Product Annualized,MEDIUM,USD
245e10bb-e129-4887-ae11-eea4e978518b,06/30/2027 12:30:00,Gross Domestic Product Price Index,MEDIUM,USD
4f2f9f73-8fbe-413d-99e2-dd5201e02830,06/30/2027 12:30:00,Personal Consumption Expenditures - Price Index (MoM),MEDIUM,USD
4045aa39-d376-4470-af8b-1f1bd89e8f58,06/30/2027 12:30:00,Personal Consumption Expenditures - Price Index (YoY),MEDIUM,USD
98966f49-3e89-4978-834f-575b1991a021,06/30/2027 12:30:00,Personal Consumption Expenditures Prices (QoQ),MEDIUM,USD
c4278eaf-82d2-4256-b922-34bcfcbf0e36,06/30/2027 12:30:00,Personal Income (MoM),MEDIUM,USD
55f58a37-1be0-4f4d-8c44-d4a5a85f8e74,06/30/2027 12:30:00,Personal Spending,MEDIUM,USD
99983fd7-bb67-44b3-a278-bbaafcf3dc89,06/30/2027 12:30:00,Wholesale Inventories,LOW,USD
918a5bfe-692b-4ffb-963d-df266d74a8c2,06/30/2027 13:45:00,Chicago PMI,MEDIUM,USD
a7cbd078-27e7-491e-b9dd-56ff818e79e9,06/30/2027 14:30:00,Dallas Fed Manufacturing Business Index,LOW,USD
6ead3100-25d5-45dd-81b1-4a7846f63633,06/30/2027 14:30:00,EIA Crude Oil Stocks Change,LOW,USD
1b445b99-9fdd-4a6d-8658-076cb58fb9ae,06/30/2027 14:30:00,EIA Distillate Stocks Change,LOW,USD
3dda8091-ab4a-4874-ac60-38bceb4aa960,06/30/2027 14:30:00,EIA Gasoline Stocks Change,LOW,USD
f52e3228-de2f-4bc3-b048-5af04cb1a331,06/30/2027 14:30:00,EIA Heating Oil Stocks Change,LOW,USD
b8f7d94e-ca3a-4559-bcb4-4f6e700345c9,07/01/2027 09:30:00,Challenger Job Cuts,MEDIUM,USD
43ee3f61-75a3-4cdc-8cd5-4a03f482edc3,07/01/2027 12:30:00,Continuing Jobless Claims,LOW,USD
97ee8ae0-7ef2-4143-a895-ae11e8305ff4,07/01/2027 12:30:00,Initial Jobless Claims,MEDIUM,USD
9af1085a-45b0-434c-8948-eb4e0e9b64ea,07/01/2027 12:30:00,Initial Jobless Claims 4-week average,LOW,USD
04e5a039-b8a7-4fdf-bca7-29148583cf22,07/01/2027 13:45:00,S&P Global Manufacturing PMI,LOW,USD
509a2e2a-13bf-4ff4-9fab-ed758d1c6b5f,07/01/2027 14:00:00,Construction Spending (MoM),LOW,USD
708434fb-0ce7-4484-930e-0378090eac48,07/01/2027 14:00:00,ISM Manufacturing Employment Index,MEDIUM,USD
208a7b62-64eb-46fa-8739-d5419b020a99,07/01/2027 14:00:00,ISM Manufacturing New Orders Index,MEDIUM,USD
912ee4c2-e3f3-4be5-8228-64475255ecab,07/01/2027 14:00:00,ISM Manufacturing PMI,HIGH,USD
256d5a95-84e9-476f-b99d-79a8e62e1e3e,07/01/2027 14:00:00,ISM Manufacturing Prices Paid,MEDIUM,USD
414c6ab8-5ae8-4744-8ba2-3f6fb1d7b86e,07/01/2027 14:30:00,EIA Natural Gas Storage Change,LOW,USD
1201785e-0311-4f40-a197-b26b01acb037,07/01/2027 15:30:00,4-Week Bill Auction,LOW,USD
38efc64d-cd93-4dc0-910a-93b677995e28,07/02/2027 12:30:00,Average Hourly Earnings (MoM),HIGH,USD
43fa2c5b-e53a-44cb-a26f-2ddb337bee37,07/02/2027 12:30:00,Average Hourly Earnings (YoY),HIGH,USD
ed52fdf3-bbb5-4e64-9a86-23b9f7bc4fe5,07/02/2027 12:30:00,Average Weekly Hours,LOW,USD
bdecd06f-cb93-4046-a8fb-75691b5f3ff6,07/02/2027 12:30:00,Labor Force Participation Rate,MEDIUM,USD
791b8ef8-ed8e-4d3b-ad69-f4d4b00f7f5a,07/02/2027 12:30:00,Nonfarm Payrolls,HIGH,USD
84389f43-7f98-426c-82db-46a32a59ec88,07/02/2027 12:30:00,U6 Underemployment Rate,MEDIUM,USD
710788dc-bceb-463f-a74f-998ea117a040,07/02/2027 12:30:00,Unemployment Rate,MEDIUM,USD
ce6224c6-c39e-4309-8bb4-35ad3642898e,07/02/2027 17:00:00,Baker Hughes US Oil Rig Count,LOW,USD
67243b7b-d06c-4163-a59b-a2ce323c89de,07/02/2027 19:30:00,CFTC Gold NC Net Positions,LOW,USD
c1985c6e-bbdb-4748-8410-133c1f520d77,07/02/2027 19:30:00,CFTC Oil NC Net Positions,LOW,USD
400f6712-c94e-44c9-b10e-9bd344d7996f,07/02/2027 19:30:00,CFTC S&P 500 NC Net Positions,LOW,USD
4ab4ab8a-d19f-489a-9282-8b21e012bd16,07/05/2027 13:45:00,S&P Global Composite PMI,MEDIUM,USD
3e3bafc4-aaa7-49a9-aa12-45dd522591db,07/05/2027 13:45:00,S&P Global Services PMI,LOW,USD
8d1cf133-d2d3-436b-a4ae-dd409c6dfbae,07/05/2027 14:00:00,ISM Services Employment Index,MEDIUM,USD
bdaed9ba-bb4e-46da-ade4-7405d7ca0355,07/05/2027 14:00:00,ISM Services New Orders Index,MEDIUM,USD
56b81ba8-1a81-4abe-bd1f-0329dca6531d,07/05/2027 14:00:00,ISM Services PMI,HIGH,USD
cd182f72-03d9-4e99-8a96-86f8865e4127,07/05/2027 14:00:00,ISM Services Prices Paid,MEDIUM,USD
465631af-45e5-40e1-8a5b-5eaa78b26207,07/05/2027 15:30:00,3-Month Bill Auction,LOW,USD
4798b7bd-7c60-4a66-990e-c70440a23b35,07/05/2027 15:30:00,6-Month Bill Auction,LOW,USD
1a2b8a44-d483-447c-82ae-1749433a9b8f,07/05/2027 19:30:00,Total Vehicle Sales,LOW,USD
ff14eac0-c053-4fd9-a5e1-9bd3b8a3d360,07/06/2027 12:15:00,ADP Employment Change 4-week average,MEDIUM,USD
e8b6b72d-87f4-4cf9-8e7a-da62cfd30a82,07/06/2027 12:30:00,Goods and Services Trade Balance,LOW,USD
dc1654d8-67a2-4f2d-a999-d77728bd25b9,07/06/2027 12:30:00,Goods Trade Balance,LOW,USD
28346fb4-48ce-4553-9db4-73936e7c6f87,07/06/2027 12:55:00,Redbook Index (YoY),LOW,USD
008776ac-4e1e-4676-ac14-92441c92f31d,07/06/2027 14:00:00,Factory Orders (MoM),MEDIUM,USD
f4a5291f-2062-4522-a92a-ec29c7d5e73d,07/06/2027 14:00:00,JOLTS Job Openings,MEDIUM,USD
c916aa07-b397-4d6a-8823-c786529d8188,07/06/2027 14:00:00,RealClearMarkets/TIPP Economic Optimism (MoM),LOW,USD
5f328a2e-a00b-4352-aa44-c7508a89ceb6,07/06/2027 15:30:00,52-Week Bill Auction,LOW,USD
9e814120-59fb-4061-b2c1-3289b8857a23,07/06/2027 17:00:00,3-Year Note Auction,LOW,USD
44491c8f-60cf-45a8-86f7-6afa6933bb99,07/06/2027 20:30:00,API Weekly Crude Oil Stock,LOW,USD
c9117c74-892a-4d87-8054-509153f5dd19,07/07/2027 11:00:00,MBA Mortgage Applications,LOW,USD
da7666ec-3d72-49ac-acf2-b309d0362325,07/07/2027 14:30:00,EIA Crude Oil Stocks Change,LOW,USD
46790615-5ced-4e58-abab-87286b936608,07/07/2027 14:30:00,EIA Distillate Stocks Change,LOW,USD
b1f8d560-5462-46e0-a9ed-94ef3b04acec,07/07/2027 14:30:00,EIA Gasoline Stocks Change,LOW,USD
74ea746d-6955-44e8-a2b1-ef2826629ac7,07/07/2027 14:30:00,EIA Heating Oil Stocks Change,LOW,USD
77dc41e5-78b1-42fd-9ef6-0f29e52f5e39,07/07/2027 17:00:00,10-Year Note Auction,LOW,USD
83db9250-cba1-43b0-acd0-ada638cc55c0,07/07/2027 18:00:00,FOMC Minutes,HIGH,USD
c3bc244b-7f90-47b3-8c2f-dd4a95829876,07/07/2027 19:00:00,Consumer Credit Change,LOW,USD
71accb94-51a7-46dc-ad26-bfc3203eeafb,07/08/2027 12:30:00,Continuing Jobless Claims,LOW,USD
6e7f06c4-605b-4ace-a7c3-a7f6a98e6080,07/08/2027 12:30:00,Initial Jobless Claims,MEDIUM,USD
82eaa83d-3535-4203-95b3-92c8295672fc,07/08/2027 12:30:00,Initial Jobless Claims 4-week average,LOW,USD
10f48bce-725f-4d2c-81e4-ef0730afbc37,07/08/2027 14:00:00,Wholesale Inventories,LOW,USD
5efbe160-e447-4d59-a9e7-3123405ce17a,07/08/2027 14:30:00,EIA Natural Gas Storage Change,LOW,USD
1ce673b2-d80a-4786-88e2-fcfce3834e13,07/08/2027 15:30:00,4-Week Bill Auction,LOW,USD
b775c3f7-2413-4b4d-8162-0cbcc265f6d8,07/08/2027 17:00:00,30-Year Bond Auction,LOW,USD
98e017f4-16d2-48f1-91ce-fc94994c0585,07/09/2027 14:00:00,Michigan Consumer Expectations Index,MEDIUM,USD
48147bdf-d397-441d-92aa-c15856c91419,07/09/2027 14:00:00,Michigan Consumer Sentiment Index,HIGH,USD
186ee62e-c398-4e83-954d-f8bd3d08a0e7,07/09/2027 14:00:00,UoM 1-year Consumer Inflation Expectations,MEDIUM,USD
f2dc507e-9d83-4a12-977a-97b0109de5a6,07/09/2027 14:00:00,UoM 5-year Consumer Inflation Expectation,MEDIUM,USD
8c3d4c98-d5bc-4d12-8db1-646a51338680,07/09/2027 17:00:00,Baker Hughes US Oil Rig Count,LOW,USD
ad59d41b-3d75-418e-b9ea-b06eb8940f0e,07/09/2027 19:30:00,CFTC Gold NC Net Positions,LOW,USD
00adabfd-7564-414c-975b-ba1d951e339e,07/09/2027 19:30:00,CFTC Oil NC Net Positions,LOW,USD
3a2f6c96-2607-426f-b591-1094e37e3ca1,07/09/2027 19:30:00,CFTC S&P 500 NC Net Positions,LOW,USD
36bcd21c-618a-46ea-8f27-dac0925140bc,07/12/2027 15:30:00,3-Month Bill Auction,LOW,USD
4fdc1090-ccf6-4dec-9cd7-cf330dfeb5fc,07/12/2027 15:30:00,6-Month Bill Auction,LOW,USD
55be228f-af10-4cb1-93d0-e8c85475392b,07/12/2027 18:00:00,Monthly Budget Statement,MEDIUM,USD
69779c88-4b49-4c53-b9c0-3f7f2277b785,07/13/2027 10:00:00,NFIB Business Optimism Index,LOW,USD
cc7cc92c-8c04-4395-a14d-5d01a5b9fe0d,07/13/2027 12:15:00,ADP Employment Change 4-week average,MEDIUM,USD
fed1be73-4776-48c2-bebb-d89f5f42c311,07/13/2027 12:30:00,Consumer Price Index (MoM),HIGH,USD
f60295ae-905c-4090-a718-ffd64aaff13f,07/13/2027 12:30:00,Consumer Price Index (YoY),HIGH,USD
35caebe4-e6cb-47c7-919a-4b0be334ad78,07/13/2027 12:30:00,Consumer Price Index Core s.a,LOW,USD
74e07242-a78e-466d-8f31-70bc1cae9da8,07/13/2027 12:30:00,Consumer Price Index ex Food & Energy (MoM),HIGH,USD
095f13a9-5b27-408a-ad61-dd0d7375746c,07/13/2027 12:30:00,Consumer Price Index ex Food & Energy (YoY),HIGH,USD
b49a35a6-4b64-4d21-9849-d4eea8966f81,07/13/2027 12:30:00,Consumer Price Index n.s.a (MoM),LOW,USD
d4740a5c-0f44-4fc6-a590-a090366a0e5c,07/13/2027 12:55:00,Redbook Index (YoY),LOW,USD
16b770ce-7706-48f3-bfdc-8330e217b20c,07/13/2027 14:00:00,Business Inventories,LOW,USD
2494618d-9646-41b7-a847-f6d545980660,07/13/2027 14:00:00,Existing Home Sales (MoM),LOW,USD
9f8d9497-e9b3-4b05-9d8c-0b211ddcd487,07/13/2027 14:00:00,Existing Home Sales Change (MoM),MEDIUM,USD
fe5ea154-54a6-48fa-96e5-c1fdc48e2f4e,07/13/2027 20:30:00,API Weekly Crude Oil Stock,LOW,USD
2c556363-dbdd-4724-9d03-2971a8bc3fda,07/14/2027 11:00:00,MBA Mortgage Applications,LOW,USD
3135c6fc-577f-44ce-bf10-e408fc2167f7,07/14/2027 12:30:00,Producer Price Index (MoM),MEDIUM,USD
d45e9919-3d2b-4456-962a-923f6c6eecb4,07/14/2027 12:30:00,Producer Price Index (YoY),MEDIUM,USD
e77ebe29-e439-41af-b3eb-e12be774b920,07/14/2027 12:30:00,Producer Price Index ex Food & Energy (MoM),MEDIUM,USD
eef1c859-d484-484c-8f0f-0bcf322aa780,07/14/2027 12:30:00,Producer Price Index ex Food & Energy (YoY),HIGH,USD
fad16650-7663-4c41-a5f8-50f83732f523,07/14/2027 14:30:00,EIA Crude Oil Stocks Change,LOW,USD
8b25feb2-2b1a-43cf-b66e-48a948b6ee8d,07/14/2027 14:30:00,EIA Distillate Stocks Change,LOW,USD
402347b6-559f-4f5b-bd9e-84ad1d97da76,07/14/2027 14:30:00,EIA Gasoline Stocks Change,LOW,USD
2d19ddbd-13b4-4c3a-8d85-5115f8aaa79b,07/14/2027 14:30:00,EIA Heating Oil Stocks Change,LOW,USD
97bbb641-6a3f-47fc-b9aa-b2738f77140a,07/15/2027 12:30:00,Continuing Jobless Claims,LOW,USD
f5898b89-691a-4aa2-ac21-2ac6acf81066,07/15/2027 12:30:00,Export Price Index (MoM),LOW,USD
6b020969-0a3a-488b-b019-bd89efe43931,07/15/2027 12:30:00,Export Price Index (YoY),LOW,USD
2134cfa4-bf92-4146-8500-c59d433becea,07/15/2027 12:30:00,Import Price Index (MoM),LOW,USD
9e82a583-3725-46d6-9037-487b5263a033,07/15/2027 12:30:00,Import Price Index (YoY),LOW,USD
f7fc1c64-61ab-4f84-b5e4-5990c4538e70,07/15/2027 12:30:00,Initial Jobless Claims,MEDIUM,USD
ad041107-fcb9-41f3-8de6-09fb41bbc7ad,07/15/2027 12:30:00,Initial Jobless Claims 4-week average,LOW,USD
69950a7a-9505-447d-8fca-6bc42bc5bcf1,07/15/2027 12:30:00,NY Empire State Manufacturing Index,MEDIUM,USD
e8eb5973-ab0a-41bd-9ce9-8463b3e77dd1,07/15/2027 14:00:00,NAHB Housing Market Index,LOW,USD
d68b6c90-6706-4561-88bb-2cef0ac5162e,07/15/2027 14:30:00,EIA Natural Gas Storage Change,LOW,USD
43e1812a-30e5-44a5-a4e6-36cf78dcbcdc,07/15/2027 15:30:00,4-Week Bill Auction,LOW,USD
f1235213-8ea5-4f2d-b8c9-91bc0cf4cfee,07/16/2027 12:30:00,Building Permits (MoM),MEDIUM,USD
edf7aa5d-0356-4f6f-97eb-337e112a05ce,07/16/2027 12:30:00,Building Permits Change,LOW,USD
614a6a35-2f3a-4d32-8296-afd81fee1233,07/16/2027 12:30:00,Housing Starts (MoM),MEDIUM,USD
a01884c9-7525-4127-872b-40da22a9f90e,07/16/2027 12:30:00,Housing Starts Change,LOW,USD
a515ac3a-006c-4b63-9e84-e177d5c5fdf8,07/16/2027 12:30:00,Retail Sales (MoM),HIGH,USD
0b42a6b8-21e5-4cc4-be71-57c6f89723e2,07/16/2027 12:30:00,Retail Sales (YoY),LOW,USD
2091bfc8-e131-4cf1-997a-e280de311aad,07/16/2027 12:30:00,Retail Sales Control Group,HIGH,USD
3744e6e5-ae9a-4e50-a36d-0081a5ff06a1,07/16/2027 12:30:00,Retail Sales ex Autos (MoM),MEDIUM,USD
ac69d102-bc51-4a30-87ec-f1c7d04df8c8,07/16/2027 13:15:00,Capacity Utilization,LOW,USD
b053579a-d98e-46c7-89b9-2b22bbf29f22,07/16/2027 13:15:00,Industrial Production (MoM),MEDIUM,USD
3cf2932c-1542-4c70-9243-f64705c5f3a8,07/16/2027 17:00:00,Baker Hughes US Oil Rig Count,LOW,USD
1ce9384e-14b7-47fe-9ea0-d277f50384a1,07/16/2027 19:30:00,CFTC Gold NC Net Positions,LOW,USD
fa5a4f80-430d-4b1b-b8d1-8247d10433c5,07/16/2027 19:30:00,CFTC Oil NC Net Positions,LOW,USD
d18ca2d8-4890-4ea5-a309-cff15ee7954f,07/16/2027 19:30:00,CFTC S&P 500 NC Net Positions,LOW,USD
438d45e5-7572-4741-ac73-4777d5d1b4f0,07/16/2027 20:00:00,Net Long-Term TIC Flows,LOW,USD
2cf5fa6b-ae2b-4dbd-bf44-4e9e43634c17,07/16/2027 20:00:00,Total Net TIC Flows,LOW,USD
bece6f5b-fb10-44bb-b345-16153bd08d82,07/19/2027 15:30:00,3-Month Bill Auction,LOW,USD
783d0ec5-5e94-4fb9-a850-9a9740c1bb9e,07/19/2027 15:30:00,6-Month Bill Auction,LOW,USD
97761235-1a7b-419b-b051-b968527d0722,07/20/2027 12:15:00,ADP Employment Change 4-week average,MEDIUM,USD
c961c8fb-f992-4a8d-a456-20bb3de3ddb1,07/20/2027 12:55:00,Redbook Index (YoY),LOW,USD
a8189475-dd11-4c68-8cc8-5ed17d506d78,07/20/2027 20:30:00,API Weekly Crude Oil Stock,LOW,USD
34552553-13df-44f9-aea3-45b54ca6db86,07/21/2027 11:00:00,MBA Mortgage Applications,LOW,USD
c84a0ec8-154e-4cd5-b043-025ac773f789,07/21/2027 14:30:00,EIA Crude Oil Stocks Change,LOW,USD
e9e3459d-b81f-486a-a7e9-3c00b0221b85,07/21/2027 14:30:00,EIA Distillate Stocks Change,LOW,USD
588f27dc-8dd9-4fda-96e7-e922209e8dee,07/21/2027 14:30:00,EIA Gasoline Stocks Change,LOW,USD
cfca5270-1c13-42d9-9609-dbe684c753b9,07/21/2027 14:30:00,EIA Heating Oil Stocks Change,LOW,USD
54a869d0-a89b-4238-824f-8beff00fe4fb,07/21/2027 17:00:00,20-Year Bond Auction,LOW,USD
25f31a72-781c-47dc-848a-ebd1060d9f01,07/22/2027 12:30:00,"Chicago Fed National Activity Index ",LOW,USD
2cfb51c6-a91d-4d71-9b43-876543ab74c1,07/22/2027 12:30:00,Continuing Jobless Claims,LOW,USD
5bc20cb3-2fae-404f-a1f1-118563eacdb7,07/22/2027 12:30:00,Initial Jobless Claims,MEDIUM,USD
f2362adc-02eb-4675-a3fd-8a87b18160b3,07/22/2027 12:30:00,Initial Jobless Claims 4-week average,LOW,USD
b75b200f-41df-4149-b690-3150d80efba4,07/22/2027 12:30:00,Philadelphia Fed Manufacturing Survey,MEDIUM,USD
d6bd7ddc-2edb-4006-b347-76a2bd1db256,07/22/2027 14:00:00,Pending Home Sales (MoM),MEDIUM,USD
b3f845d6-3b6c-4dbf-922d-ba69ac6b5150,07/22/2027 14:00:00,Pending Home Sales (YoY),LOW,USD
c79667bc-fa2a-49f4-bcb7-d9567a6d0775,07/22/2027 14:30:00,EIA Natural Gas Storage Change,LOW,USD
811eef4e-4c24-4948-a054-4d3df339c74c,07/22/2027 15:00:00,Kansas Fed Manufacturing Activity,LOW,USD
5824b5a8-4219-41b1-82d6-3e7717446284,07/22/2027 15:30:00,4-Week Bill Auction,LOW,USD
734e512f-f474-4bde-b9cb-dcd6a0918c23,07/22/2027 17:00:00,10-year TIPS Auction,LOW,USD
13f270ca-1ddb-4fa3-8ca4-530df0a21ebf,07/23/2027 13:45:00,S&P Global Composite PMI,MEDIUM,USD
8e71cf8a-fa25-47ee-9f24-2b8562d10c9c,07/23/2027 13:45:00,S&P Global Manufacturing PMI,HIGH,USD
9be9c69b-c2da-4edb-868a-fe22ba08689e,07/23/2027 13:45:00,S&P Global Services PMI,HIGH,USD
c3c3bba8-1e64-4132-bbbd-3616626610b6,07/23/2027 14:00:00,Michigan Consumer Expectations Index,MEDIUM,USD
ad2d0d33-696f-410d-b859-5a6766352882,07/23/2027 14:00:00,Michigan Consumer Sentiment Index,MEDIUM,USD
5bc45982-327f-4b92-a494-02d06ed5a44a,07/23/2027 14:00:00,New Home Sales (MoM),LOW,USD
510c63b1-9962-4f8e-bda5-cb9d24af2c29,07/23/2027 14:00:00,New Home Sales Change (MoM),MEDIUM,USD
393c5f07-9ea2-4a22-96f7-ea7ed64fa662,07/23/2027 14:00:00,UoM 1-year Consumer Inflation Expectations,MEDIUM,USD
d2b8222f-4c9e-4952-9f5b-137c898c90e6,07/23/2027 14:00:00,UoM 5-year Consumer Inflation Expectation,MEDIUM,USD
4b8f2a56-5cda-4493-897d-6f11e27c9683,07/23/2027 17:00:00,Baker Hughes US Oil Rig Count,LOW,USD
16f76d25-41c3-4e46-a729-ae5611d32b54,07/23/2027 19:30:00,CFTC Gold NC Net Positions,LOW,USD
2a1f229d-0593-4742-99de-ec55f6576ebb,07/23/2027 19:30:00,CFTC Oil NC Net Positions,LOW,USD
989bbc5e-fafd-416e-830a-2b59bba1fed5,07/23/2027 19:30:00,CFTC S&P 500 NC Net Positions,LOW,USD
a62a9867-013c-4bd7-a809-6fd7ae177ac1,07/26/2027 15:30:00,3-Month Bill Auction,LOW,USD
1867305f-22c2-4892-aa29-366c5d026cfc,07/26/2027 15:30:00,6-Month Bill Auction,LOW,USD
541189d2-81e7-48b5-a422-4fb215672e0f,07/26/2027 17:00:00,2-Year Note Auction,LOW,USD
b248fc0d-424c-4360-a7dd-fe3fab0eb2c3,07/27/2027 12:15:00,ADP Employment Change 4-week average,MEDIUM,USD
d2b40f75-c71e-4760-96e2-506f0f15c96c,07/27/2027 12:30:00,Durable Goods Orders,MEDIUM,USD
a9c321d4-d1c4-47f4-9e7f-564c39eac1ca,07/27/2027 12:30:00,Durable Goods Orders ex Defense,MEDIUM,USD
d599edb4-ae6a-47a1-a4af-e31ef39a5119,07/27/2027 12:30:00,Durable Goods Orders ex Transportation,MEDIUM,USD
b7f008da-cf54-4e2a-b8e0-13ab3cb4db73,07/27/2027 12:30:00,Goods Trade Balance,LOW,USD
ee0eec33-5233-443d-bae8-692073121a75,07/27/2027 12:30:00,Nondefense Capital Goods Orders ex Aircraft,MEDIUM,USD
6970708e-b392-4fa5-b591-8a0d513385fc,07/27/2027 12:55:00,Redbook Index (YoY),LOW,USD
7c55e1a2-8772-4278-a099-6b0bb6e3ef4e,07/27/2027 13:00:00,Housing Price Index (MoM),MEDIUM,USD
6d4452bb-c11a-4223-8c5a-5be70c377a38,07/27/2027 13:00:00,S&P/Case-Shiller Home Price Indices (YoY),LOW,USD
1c7b624a-2725-44c7-a4ad-b75770df9b48,07/27/2027 14:00:00,Consumer Confidence,MEDIUM,USD
5692b409-ab9d-4c0d-bb27-b45f5fb74982,07/27/2027 14:00:00,Richmond Fed Manufacturing Index,LOW,USD
842af927-337a-482b-841c-35534581e252,07/27/2027 14:30:00,Dallas Fed Manufacturing Business Index,LOW,USD
79e89332-3452-40fb-baa9-4474151a8fb0,07/27/2027 17:00:00,7-Year Note Auction,LOW,USD
08689256-31a6-476a-a7e6-27abbdb67df6,07/27/2027 20:30:00,API Weekly Crude Oil Stock,LOW,USD
ce37141f-6c49-4070-b3bd-e489a5b5386f,07/28/2027 11:00:00,MBA Mortgage Applications,LOW,USD
7acfe277-d304-474f-b5fd-bbcaf9365c97,07/28/2027 12:30:00,Wholesale Inventories,LOW,USD
0888351c-b123-4591-9eac-fbf979a46f28,07/28/2027 14:30:00,EIA Crude Oil Stocks Change,LOW,USD
6f4b185f-3fc5-4c3b-b812-388d1911470d,07/28/2027 14:30:00,EIA Distillate Stocks Change,LOW,USD
267f4371-bea4-46aa-add7-fb21a7e55257,07/28/2027 14:30:00,EIA Gasoline Stocks Change,LOW,USD
bc740b86-f5c9-4091-8a08-cc5aa101232f,07/28/2027 14:30:00,EIA Heating Oil Stocks Change,LOW,USD
a98fd665-757e-4eaa-8647-937700da1976,07/28/2027 17:00:00,5-Year Note Auction,LOW,USD
8edd094f-2224-4d5e-801e-58ac69134937,07/28/2027 18:00:00,Fed Interest Rate Decision,HIGH,USD
7da668eb-d707-4c18-b3dd-a65b93f97ac5,07/28/2027 18:00:00,Fed Monetary Policy Statement,HIGH,USD
5d5b6bee-152a-438c-b1a1-bfe9e8ed7df6,07/28/2027 18:30:00,FOMC Press Conference,HIGH,USD
d2603f5d-041b-40d1-abb7-05c907a68d60,07/29/2027 12:30:00,Continuing Jobless Claims,LOW,USD
0252112f-ebaa-4561-8580-62cb060dbb23,07/29/2027 12:30:00,Core Personal Consumption Expenditures - Price Index (MoM),HIGH,USD
35b4603e-f674-4bc2-b6b2-83d5264d53fb,07/29/2027 12:30:00,Core Personal Consumption Expenditures - Price Index (YoY),HIGH,USD
c1385b28-e830-4e05-aae1-919ac646d987,07/29/2027 12:30:00,Core Personal Consumption Expenditures (QoQ),MEDIUM,USD
4ff92046-447d-4165-8307-1f1436ae4c06,07/29/2027 12:30:00,Gross Domestic Product Annualized,HIGH,USD
83c41cc4-d392-4bab-add1-df2d77669264,07/29/2027 12:30:00,Gross Domestic Product Price Index,HIGH,USD
6f141130-74e9-425f-adeb-08d91cf104a9,07/29/2027 12:30:00,Initial Jobless Claims,MEDIUM,USD
726944cb-4d2c-4a60-ba4b-2b5793f984dc,07/29/2027 12:30:00,Initial Jobless Claims 4-week average,LOW,USD
93c2c090-be70-4abf-9641-d5d5a6fe1ef8,07/29/2027 12:30:00,Personal Consumption Expenditures - Price Index (MoM),MEDIUM,USD
b5221d81-4f7b-475c-8277-d78a45d03fa1,07/29/2027 12:30:00,Personal Consumption Expenditures - Price Index (YoY),MEDIUM,USD
bb556d09-a045-469c-8f9f-1a0fe730be6a,07/29/2027 12:30:00,Personal Consumption Expenditures Prices (QoQ),MEDIUM,USD
2ac9487f-e5eb-459e-9b68-82c6b2d8a8c0,07/29/2027 12:30:00,Personal Income (MoM),MEDIUM,USD
b20a8afb-b084-412c-bf49-a340261a4004,07/29/2027 12:30:00,Personal Spending,MEDIUM,USD
d4874314-713f-4dc9-bd6c-2b763ccdcb35,07/29/2027 14:30:00,EIA Natural Gas Storage Change,LOW,USD
726b91ad-e219-4471-b20e-51a4e624c98f,07/29/2027 15:30:00,4-Week Bill Auction,LOW,USD
a8e4a0c8-a6b0-437b-8686-9e5c0cf58890,07/30/2027 12:30:00,Employment Cost Index,MEDIUM,USD
0cc085b0-cba4-4383-906d-40f4d2842e03,07/30/2027 13:45:00,Chicago PMI,MEDIUM,USD
13444609-c5fa-451a-9cd7-c30d0d5198fa,07/30/2027 17:00:00,Baker Hughes US Oil Rig Count,LOW,USD
4a88d28b-8d24-4cb6-859b-6f8691991819,07/30/2027 19:30:00,CFTC Gold NC Net Positions,LOW,USD
c7d52f72-647f-4c12-a8a4-9165b310a575,07/30/2027 19:30:00,CFTC Oil NC Net Positions,LOW,USD
5553d68b-146b-4069-be18-8c7f00ac2095,07/30/2027 19:30:00,CFTC S&P 500 NC Net Positions,LOW,USD
45aa0369-aa78-42fc-8c85-7a0858739cc7,08/02/2027 13:45:00,S&P Global Manufacturing PMI,LOW,USD
90de2632-ff70-4197-a31e-868c33a03f60,08/02/2027 14:00:00,Construction Spending (MoM),LOW,USD
90604c77-a327-43e8-9555-8aa9b3ec7b0f,08/02/2027 14:00:00,ISM Manufacturing Employment Index,MEDIUM,USD
7e8fbbe4-e4ce-464c-8773-5f5890eea301,08/02/2027 14:00:00,ISM Manufacturing New Orders Index,MEDIUM,USD
a895605b-b467-46bd-89d2-34953249b7bd,08/02/2027 14:00:00,ISM Manufacturing PMI,HIGH,USD
cacfbbfd-20a1-49af-b63d-91a6514cd72d,08/02/2027 14:00:00,ISM Manufacturing Prices Paid,MEDIUM,USD
5a8edc9f-4694-46b7-856b-4b43b28eb061,08/02/2027 15:30:00,3-Month Bill Auction,LOW,USD
300ba0b4-0efe-4ac2-9205-45cc960a48ee,08/02/2027 15:30:00,6-Month Bill Auction,LOW,USD
f8adf94e-5abb-414e-8844-ab437fc75f6e,08/02/2027 18:00:00,Loan Officer Survey,MEDIUM,USD
af2399a1-1dd5-49a5-b886-894537675607,08/03/2027 12:55:00,Redbook Index (YoY),LOW,USD
162764d7-066a-4d8e-81fd-28e9dad77244,08/03/2027 14:00:00,JOLTS Job Openings,MEDIUM,USD
a0a7c8a6-320c-4b53-859b-e8cdab2c90ba,08/03/2027 14:00:00,RealClearMarkets/TIPP Economic Optimism (MoM),LOW,USD
461bbdef-982f-480e-8419-88d84a3659b7,08/03/2027 15:30:00,52-Week Bill Auction,LOW,USD
c6e0ae66-0ec6-4758-9f8b-01bdef8b4a7b,08/03/2027 19:30:00,Total Vehicle Sales,LOW,USD
648ec763-9cb1-418d-adbf-862df804bec7,08/03/2027 20:30:00,API Weekly Crude Oil Stock,LOW,USD
739853f2-1fb6-4610-bffe-3dd7c5ba0790,08/04/2027 11:00:00,MBA Mortgage Applications,LOW,USD
33b67912-032d-46fa-a454-7de91af25e91,08/04/2027 12:15:00,ADP Employment Change,HIGH,USD
6fc8a698-f02e-4e56-a942-a0b2ab0decfa,08/04/2027 13:45:00,S&P Global Composite PMI,MEDIUM,USD
3a6b5468-e5d7-4d91-8a43-8bb560e98ba4,08/04/2027 13:45:00,S&P Global Services PMI,LOW,USD
c4650c1b-bdc5-4cb6-86fe-a3a6a6a7ffb4,08/04/2027 14:00:00,ISM Services Employment Index,MEDIUM,USD
a6faea73-9288-4739-b424-b9bfb854f3da,08/04/2027 14:00:00,ISM Services New Orders Index,MEDIUM,USD
743a621b-963a-4378-98c4-75d3f2af6e28,08/04/2027 14:00:00,ISM Services PMI,HIGH,USD
b549061b-5fb1-4add-8a85-c97da0120ad5,08/04/2027 14:00:00,ISM Services Prices Paid,MEDIUM,USD
1e0a21b7-809e-4ca7-9d32-652e899a3978,08/04/2027 14:30:00,EIA Crude Oil Stocks Change,LOW,USD
2e921a14-6c16-4161-a655-4af4944b7f66,08/04/2027 14:30:00,EIA Distillate Stocks Change,LOW,USD
e1724989-cc5c-4348-9fa5-f9f676709aab,08/04/2027 14:30:00,EIA Gasoline Stocks Change,LOW,USD
a5e6e300-5547-4d66-82a4-1b580f59399e,08/04/2027 14:30:00,EIA Heating Oil Stocks Change,LOW,USD
5cdf8cfb-1a43-4aee-87e3-fce70c8821ab,08/05/2027 09:30:00,Challenger Job Cuts,MEDIUM,USD
dbf98359-4b61-4f91-b1f7-e255c691e188,08/05/2027 12:30:00,Continuing Jobless Claims,LOW,USD
804b9818-b0c6-4f98-b016-39f2f30a80a5,08/05/2027 12:30:00,Goods and Services Trade Balance,LOW,USD
88078c5c-da5f-4ac7-be8c-041ba9842679,08/05/2027 12:30:00,Goods Trade Balance,LOW,USD
e69dcb8f-fcf1-4392-9fc2-e84f8a8e860f,08/05/2027 12:30:00,Initial Jobless Claims,MEDIUM,USD
0610b0a1-b8c7-4352-b85e-bb67df616acb,08/05/2027 12:30:00,Initial Jobless Claims 4-week average,LOW,USD
b56e36b0-9f60-4e75-a8d4-8d410d8a6792,08/05/2027 12:30:00,Nonfarm Productivity,MEDIUM,USD
c9812dda-16b7-475d-a679-d4c9763ce7b1,08/05/2027 12:30:00,Unit Labor Costs,MEDIUM,USD
f9a56330-1e3f-49e5-a597-4c2c7fd079fd,08/05/2027 14:00:00,Factory Orders (MoM),MEDIUM,USD
2e64823e-1504-4515-a0c8-02049e1a64ed,08/05/2027 14:30:00,EIA Natural Gas Storage Change,LOW,USD
f136525e-c21b-4bdc-8c7f-0f9ee8cfa65f,08/05/2027 15:30:00,4-Week Bill Auction,LOW,USD
662312c4-8d50-4ae7-80eb-c4bbfb3a80d2,08/06/2027 12:30:00,Average Hourly Earnings (MoM),HIGH,USD
7cde8994-922a-49f4-bfc2-74fca6200060,08/06/2027 12:30:00,Average Hourly Earnings (YoY),HIGH,USD
10ce829c-3bfa-44d3-b565-bc5b8a978620,08/06/2027 12:30:00,Average Weekly Hours,LOW,USD
b0936a0a-7334-46b2-8817-eedbb790ab88,08/06/2027 12:30:00,Labor Force Participation Rate,MEDIUM,USD
94302fe0-b895-4d82-9f25-9c37d85c4f42,08/06/2027 12:30:00,Nonfarm Payrolls,HIGH,USD
50ff6ac3-391a-4e19-b920-70c7e2ce65e1,08/06/2027 12:30:00,U6 Underemployment Rate,MEDIUM,USD
36b10fe8-1d6f-495d-8fd7-2a12d46647c1,08/06/2027 12:30:00,Unemployment Rate,MEDIUM,USD
9e7522ce-df64-49d4-96ef-c283926f339a,08/06/2027 17:00:00,Baker Hughes US Oil Rig Count,LOW,USD
e1730164-daf6-4903-a6cd-5033fc50b3e2,08/06/2027 19:00:00,Consumer Credit Change,LOW,USD
dfce3581-e3e6-4157-a78e-c1bd82712300,08/06/2027 19:30:00,CFTC Gold NC Net Positions,LOW,USD
f31f5c5d-ac08-42d2-80ec-574b03280d2e,08/06/2027 19:30:00,CFTC Oil NC Net Positions,LOW,USD
9018fecd-de79-4b55-9bce-9760eefefab0,08/06/2027 19:30:00,CFTC S&P 500 NC Net Positions,LOW,USD
69ee7bb4-c969-4dd3-aec3-69de045f6452,08/09/2027 15:30:00,3-Month Bill Auction,LOW,USD
7333679d-b46c-41ab-97a3-f5f236a7b589,08/09/2027 15:30:00,6-Month Bill Auction,LOW,USD
3f267522-7f50-4b2e-9567-7b7664643f0d,08/10/2027 10:00:00,NFIB Business Optimism Index,LOW,USD
d7e2ccd2-39e7-46bd-a547-29eefab62d3c,08/10/2027 12:15:00,ADP Employment Change 4-week average,MEDIUM,USD
558f5cd2-c960-4b3a-ba71-abd176fcefd2,08/10/2027 12:55:00,Redbook Index (YoY),LOW,USD
654e57b9-11ab-4555-89f2-341eae484237,08/10/2027 17:00:00,3-Year Note Auction,LOW,USD
542af460-1454-4d07-9da4-74c63d33d914,08/10/2027 20:30:00,API Weekly Crude Oil Stock,LOW,USD
b4f6a4ac-1aae-44e4-acb7-f3c9aa96e85f,08/11/2027 11:00:00,MBA Mortgage Applications,LOW,USD
cbcac214-7a3a-4fd5-8e80-b17bc5c97dcb,08/11/2027 14:00:00,Business Inventories,LOW,USD
2f4d1191-86ce-433e-b4ff-7f7d1037a8fd,08/11/2027 14:30:00,EIA Crude Oil Stocks Change,LOW,USD
c8b3adb9-4adf-4634-a530-96ea9b3b6429,08/11/2027 14:30:00,EIA Distillate Stocks Change,LOW,USD
a31077bf-2b84-437c-9c8a-8c4e12000e30,08/11/2027 14:30:00,EIA Gasoline Stocks Change,LOW,USD
42b7dbc1-b213-413a-ad5d-4cb3e19c3df2,08/11/2027 14:30:00,EIA Heating Oil Stocks Change,LOW,USD
89312809-27b0-425e-a197-c28f7be215a5,08/11/2027 17:00:00,10-Year Note Auction,LOW,USD
8a7741ef-8d6c-407d-b2a3-f0c601db9ff9,08/11/2027 18:00:00,Monthly Budget Statement,MEDIUM,USD
e122798a-665b-4ce0-99fd-fad19d3d335f,08/12/2027 12:30:00,Consumer Price Index (MoM),HIGH,USD
3af642c1-5743-4989-9118-b48730459eff,08/12/2027 12:30:00,Consumer Price Index (YoY),HIGH,USD
82fa461b-93ee-47ed-be5b-dd718a36d736,08/12/2027 12:30:00,Consumer Price Index Core s.a,LOW,USD
933069e4-e41e-4f35-930e-fd146e639276,08/12/2027 12:30:00,Consumer Price Index ex Food & Energy (MoM),HIGH,USD
7f6fba65-e796-47c3-9c33-2eade3d8069a,08/12/2027 12:30:00,Consumer Price Index ex Food & Energy (YoY),HIGH,USD
b8dc0bdd-129f-4de4-9f9b-34e5068ab43f,08/12/2027 12:30:00,Consumer Price Index n.s.a (MoM),LOW,USD
dfd27507-1f42-4b02-9baf-15fcec108cf0,08/12/2027 12:30:00,Continuing Jobless Claims,LOW,USD
625bf68d-f3eb-4d9f-a15c-dd3c995e3eab,08/12/2027 12:30:00,Initial Jobless Claims,MEDIUM,USD
07ed86b1-7989-4f88-9a56-0ac50963e394,08/12/2027 12:30:00,Initial Jobless Claims 4-week average,LOW,USD
a3d193a9-0792-417f-8716-66fc836b16fa,08/12/2027 14:00:00,Existing Home Sales (MoM),LOW,USD
c452af6f-2501-40e9-a0fb-baa9a7334358,08/12/2027 14:00:00,Existing Home Sales Change (MoM),MEDIUM,USD
a1d254e2-f1c2-4561-b322-55090ab023d3,08/12/2027 14:00:00,Wholesale Inventories,LOW,USD
4bdf1777-1869-4725-a9e3-bfc2cfd92317,08/12/2027 14:30:00,EIA Natural Gas Storage Change,LOW,USD
4efe9c1f-2a63-4191-92f4-a9dc75c28101,08/12/2027 15:30:00,4-Week Bill Auction,LOW,USD
30d4aad4-ebe5-4471-8c9d-4d891059bcd7,08/12/2027 17:00:00,30-Year Bond Auction,LOW,USD
24eb4c65-9325-4e41-98e1-7d0d86ecfac3,08/13/2027 12:30:00,Export Price Index (MoM),LOW,USD
9094af66-aee1-4fa1-b1b0-d4370aa7c9be,08/13/2027 12:30:00,Export Price Index (YoY),LOW,USD
393b784c-f6ff-407c-a1fb-0df14ae29942,08/13/2027 12:30:00,Import Price Index (MoM),LOW,USD
09bcc0dd-6321-494d-8b4c-a4927c1bcb4b,08/13/2027 12:30:00,Import Price Index (YoY),LOW,USD
82c15cbc-c116-49ef-90f8-6a78bc8393fb,08/13/2027 12:30:00,Producer Price Index (MoM),MEDIUM,USD
008789b3-4537-403c-9ba8-67a7b4dd89c1,08/13/2027 12:30:00,Producer Price Index (YoY),MEDIUM,USD
c9c89215-d267-4b56-a4fa-3dec5d0ba4b8,08/13/2027 12:30:00,Producer Price Index ex Food & Energy (MoM),MEDIUM,USD
b85ff916-48bb-4cde-aed7-f18b96f96d66,08/13/2027 12:30:00,Producer Price Index ex Food & Energy (YoY),HIGH,USD
30c846d2-a772-410c-865d-3d988dbbf037,08/13/2027 14:00:00,Michigan Consumer Expectations Index,MEDIUM,USD
5b410628-de08-43d1-95dd-0083fef1a565,08/13/2027 14:00:00,Michigan Consumer Sentiment Index,HIGH,USD
17b2f813-64d1-41c8-8725-3edb4fc76020,08/13/2027 14:00:00,UoM 1-year Consumer Inflation Expectations,MEDIUM,USD
73d858c7-1f5a-42d8-8976-5af1c3815948,08/13/2027 14:00:00,UoM 5-year Consumer Inflation Expectation,MEDIUM,USD
1d12a6c3-c17c-4595-baee-1dd97308d677,08/13/2027 17:00:00,Baker Hughes US Oil Rig Count,LOW,USD
8685d544-13f6-459b-95ae-6ac3b8461398,08/13/2027 19:30:00,CFTC Gold NC Net Positions,LOW,USD
380d5c7a-e967-4788-8114-ccd4cece67a4,08/13/2027 19:30:00,CFTC Oil NC Net Positions,LOW,USD
999cad45-4d4b-4f3e-a3e4-fbff93639fef,08/13/2027 19:30:00,CFTC S&P 500 NC Net Positions,LOW,USD
f5000fdd-e2e4-41da-8bcb-97eef9b3cf31,08/16/2027 12:30:00,NY Empire State Manufacturing Index,MEDIUM,USD
59b03127-e075-4afc-9cb9-8897505cc476,08/16/2027 15:30:00,3-Month Bill Auction,LOW,USD
c6e1270b-9d0d-48c5-bf75-d90bc964c391,08/16/2027 15:30:00,6-Month Bill Auction,LOW,USD
124c9959-5b07-4cf5-9b49-34583dccf244,08/17/2027 12:15:00,ADP Employment Change 4-week average,MEDIUM,USD
967c2357-9012-4a65-a077-776f6ddfa4fe,08/17/2027 12:30:00,Building Permits (MoM),MEDIUM,USD
1dd67478-4faf-42e2-8fc7-96cf4eb7ee94,08/17/2027 12:30:00,Building Permits Change,LOW,USD
3a61f77c-594c-4d35-9863-9fc57f17c981,08/17/2027 12:30:00,Housing Starts (MoM),MEDIUM,USD
598c824c-4f23-4e40-9951-f1954a3a9969,08/17/2027 12:30:00,Housing Starts Change,LOW,USD
7296d24e-cd94-4944-9c67-68de6c318898,08/17/2027 12:30:00,Retail Sales (MoM),HIGH,USD
4f5fdd8d-d94a-467a-986f-599b615e519d,08/17/2027 12:30:00,Retail Sales (YoY),LOW,USD
ee583ee9-0580-4389-87bd-aa182005720c,08/17/2027 12:30:00,Retail Sales Control Group,HIGH,USD
47292989-68e3-49d4-94b2-c08bafcab1db,08/17/2027 12:30:00,Retail Sales ex Autos (MoM),MEDIUM,USD
6481a5d3-8efd-4b5c-b533-6c7af1d35ad8,08/17/2027 12:55:00,Redbook Index (YoY),LOW,USD
fb55da12-9cf7-447e-8267-64babff4dd06,08/17/2027 13:15:00,Capacity Utilization,LOW,USD
01887d8c-9454-40ef-9cc6-281e2c31cf59,08/17/2027 13:15:00,Industrial Production (MoM),MEDIUM,USD
25b97d09-e326-409b-aeee-ea804dc0e5a9,08/17/2027 14:00:00,NAHB Housing Market Index,LOW,USD
6a2039da-d726-4fa0-a798-0df8bf47b88b,08/17/2027 20:30:00,API Weekly Crude Oil Stock,LOW,USD
9fd65d45-a048-4b41-bae4-7bd58f4efbc6,08/18/2027 11:00:00,MBA Mortgage Applications,LOW,USD
62bd8541-c8ab-4ef4-862a-06b300568fd3,08/18/2027 14:30:00,EIA Crude Oil Stocks Change,LOW,USD
043dd174-9283-49db-b51e-068b442eee68,08/18/2027 14:30:00,EIA Distillate Stocks Change,LOW,USD
8465a15f-9b65-4add-92d0-a6b840351d74,08/18/2027 14:30:00,EIA Gasoline Stocks Change,LOW,USD
e9c5abc0-fbaa-4a94-bc9b-17ac9c252952,08/18/2027 14:30:00,EIA Heating Oil Stocks Change,LOW,USD
2867976c-77fc-40ed-abdd-ce054d76b1c2,08/18/2027 17:00:00,20-Year Bond Auction,LOW,USD
3af6b358-e8f9-487b-8202-efe97656941a,08/18/2027 18:00:00,FOMC Minutes,HIGH,USD
35841db5-7773-4f4a-8e58-da1ad5702c89,08/18/2027 20:00:00,Net Long-Term TIC Flows,LOW,USD
ba58b634-2f25-4941-9f64-f82ad59b8bd4,08/18/2027 20:00:00,Total Net TIC Flows,LOW,USD
e46dff5a-f9fe-4ca6-96eb-71df19710a1f,08/19/2027 12:30:00,Continuing Jobless Claims,LOW,USD
b14cb9d9-0f61-41cf-9582-b4a204acf503,08/19/2027 12:30:00,Initial Jobless Claims,MEDIUM,USD
33d2b8bd-8e96-4614-b8af-17c9bcb60e56,08/19/2027 12:30:00,Initial Jobless Claims 4-week average,LOW,USD
54ea55c0-10a3-4a85-b4ec-792420b59f1a,08/19/2027 12:30:00,Philadelphia Fed Manufacturing Survey,MEDIUM,USD
3e638022-72cf-4e9f-a5c1-4bbb2aaa3c46,08/19/2027 14:00:00,Pending Home Sales (MoM),MEDIUM,USD
82a6d075-034a-4132-9556-c8cd08642892,08/19/2027 14:00:00,Pending Home Sales (YoY),LOW,USD
3248ec03-efb9-4d09-b950-57b907ae0276,08/19/2027 14:30:00,EIA Natural Gas Storage Change,LOW,USD
c2d4c8a8-ebe8-450e-aaaa-24e575eb9782,08/19/2027 15:30:00,4-Week Bill Auction,LOW,USD
a66117f9-391e-4f58-86a9-6ef659f85ac0,08/19/2027 18:00:00,30-year TIPS Auction,LOW,USD
237ac8f3-7a34-4906-aa4d-448ead8bcd48,08/20/2027 17:00:00,Baker Hughes US Oil Rig Count,LOW,USD
69320536-eb84-4099-b760-1caaa52201f5,08/20/2027 19:30:00,CFTC Gold NC Net Positions,LOW,USD
640ae833-ffe8-4abd-89ac-9b17410df380,08/20/2027 19:30:00,CFTC Oil NC Net Positions,LOW,USD
eda98a4e-aff3-47b2-b92a-9526f7f8b45f,08/20/2027 19:30:00,CFTC S&P 500 NC Net Positions,LOW,USD
eabd4808-ba1b-4385-8bdb-a28008dc7125,08/23/2027 13:45:00,S&P Global Composite PMI,MEDIUM,USD
9a5218b7-ae95-4a12-b3e2-e0ab5b5f2189,08/23/2027 13:45:00,S&P Global Manufacturing PMI,HIGH,USD
d8d7759d-2542-4ea1-b39b-432c8035109d,08/23/2027 13:45:00,S&P Global Services PMI,HIGH,USD
498cc083-616b-41f0-a322-e2637158390a,08/23/2027 15:30:00,3-Month Bill Auction,LOW,USD
2d9b15dc-4354-45fc-83ec-2dca1e7f2b81,08/23/2027 15:30:00,6-Month Bill Auction,LOW,USD
fb6c4767-3244-455f-a65f-f4364b308242,08/24/2027 12:15:00,ADP Employment Change 4-week average,MEDIUM,USD
74d24776-6e50-4908-bdff-c89f5df3f1b7,08/24/2027 12:30:00,"Chicago Fed National Activity Index ",LOW,USD
1445fd63-6b4c-4e8c-ad6a-43de27ec9834,08/24/2027 12:55:00,Redbook Index (YoY),LOW,USD
7da3f5c1-0362-41c1-9b48-23795770cab7,08/24/2027 14:00:00,New Home Sales (MoM),LOW,USD
42d6c0c5-e0eb-4d87-8877-7d377b91d00c,08/24/2027 14:00:00,New Home Sales Change (MoM),MEDIUM,USD
fa7d7771-4083-48a7-8a14-74b8ef1cbe57,08/24/2027 14:00:00,Richmond Fed Manufacturing Index,LOW,USD
02d2a2e2-4ba5-433e-9961-f7b91f100fe0,08/24/2027 17:00:00,2-Year Note Auction,LOW,USD
023596cd-9f09-4976-924e-14d3e2a25af6,08/24/2027 20:30:00,API Weekly Crude Oil Stock,LOW,USD
0e74c43d-e4fb-4f05-8c2b-cf947f25141e,08/25/2027 11:00:00,MBA Mortgage Applications,LOW,USD
21b04676-96ed-4e96-a0d2-6be2e9d173ad,08/25/2027 14:30:00,EIA Crude Oil Stocks Change,LOW,USD
1967e016-e324-4541-9e83-2e9dfc9b1fe2,08/25/2027 14:30:00,EIA Distillate Stocks Change,LOW,USD
b8a9c32f-077e-4cc5-ba96-49a87ee4b632,08/25/2027 14:30:00,EIA Gasoline Stocks Change,LOW,USD
8fc25256-a10b-4fde-8378-9fcaabd662b8,08/25/2027 14:30:00,EIA Heating Oil Stocks Change,LOW,USD
9a4ade84-1dbf-4622-b9ed-68a2b7223736,08/25/2027 17:00:00,5-Year Note Auction,LOW,USD
d567794f-19da-4156-8875-49353aed85bf,08/26/2027 12:30:00,Continuing Jobless Claims,LOW,USD
4abee83e-833b-4d47-86e9-feb9863a3e75,08/26/2027 12:30:00,Core Personal Consumption Expenditures (QoQ),MEDIUM,USD
5cea87c4-e10f-4534-9bbf-ae3352e88e6a,08/26/2027 12:30:00,Durable Goods Orders,MEDIUM,USD
7ec93f9c-1ca7-490b-81b8-9c65854d7ddd,08/26/2027 12:30:00,Durable Goods Orders ex Defense,MEDIUM,USD
6647a706-a2e9-4610-825d-7be3eac51b9e,08/26/2027 12:30:00,Durable Goods Orders ex Transportation,MEDIUM,USD
bf0ab444-4b75-4b9b-abb8-805bef965ee8,08/26/2027 12:30:00,Goods Trade Balance,LOW,USD
010831cf-b166-40fb-903e-a5887ccac062,08/26/2027 12:30:00,Gross Domestic Product Annualized,MEDIUM,USD
965fd58a-820c-477f-97c1-57cb730e4e92,08/26/2027 12:30:00,Gross Domestic Product Price Index,MEDIUM,USD
98c2d011-9504-4d1e-b8ab-b5901039459d,08/26/2027 12:30:00,Initial Jobless Claims,MEDIUM,USD
1a977c5c-3687-4e9f-8c3f-657e9630e985,08/26/2027 12:30:00,Initial Jobless Claims 4-week average,LOW,USD
e7482af4-1b06-4543-aa6d-62080bf96664,08/26/2027 12:30:00,Nondefense Capital Goods Orders ex Aircraft,MEDIUM,USD
6f34d7de-78e2-4cef-9e41-1e563b3282a8,08/26/2027 12:30:00,Personal Consumption Expenditures Prices (QoQ),MEDIUM,USD
dc0fb6cc-abbb-43ec-98ed-587abe8c88f3,08/26/2027 12:30:00,Wholesale Inventories,LOW,USD
2999f9b5-18d9-4f39-9724-66e3f4dd048a,08/26/2027 14:30:00,EIA Natural Gas Storage Change,LOW,USD
d205d594-5121-47fc-93f6-6467dbfdf96e,08/26/2027 15:00:00,Kansas Fed Manufacturing Activity,LOW,USD
738aebbc-81f1-43ed-a54e-1d7ae0220ace,08/26/2027 15:30:00,4-Week Bill Auction,LOW,USD
f0ef9bce-4e12-4d5a-a9c6-b9f3c347a20b,08/26/2027 17:00:00,7-Year Note Auction,LOW,USD
d2b3795d-013e-47e4-bccc-b287af500d3a,08/27/2027 12:30:00,Core Personal Consumption Expenditures - Price Index (MoM),HIGH,USD
ad3fc5d4-95e3-4603-a0ad-4f5e4b7b9b67,08/27/2027 12:30:00,Core Personal Consumption Expenditures - Price Index (YoY),HIGH,USD
be1cbe3f-46e1-4757-9ef7-a6f2b5500803,08/27/2027 12:30:00,Personal Consumption Expenditures - Price Index (MoM),MEDIUM,USD
4b557720-5fb8-4931-b201-888e3c06780d,08/27/2027 12:30:00,Personal Consumption Expenditures - Price Index (YoY),MEDIUM,USD
82b7f05d-9875-4267-ad45-87fda9100e46,08/27/2027 12:30:00,Personal Income (MoM),MEDIUM,USD
129ed15a-f896-46ab-ae84-18645e86ec86,08/27/2027 12:30:00,Personal Spending,MEDIUM,USD
3e383001-e4e6-43bb-949f-eca1eedcd68d,08/27/2027 14:00:00,Michigan Consumer Expectations Index,MEDIUM,USD
1a1e7b4d-c247-41c4-9235-da4aa6f79c56,08/27/2027 14:00:00,Michigan Consumer Sentiment Index,MEDIUM,USD
b95dd0d0-dd60-4ae6-a9fa-0cfd2edd3907,08/27/2027 14:00:00,UoM 1-year Consumer Inflation Expectations,MEDIUM,USD
c2e2e46e-8e2e-4df9-a78e-95d5cc27c368,08/27/2027 14:00:00,UoM 5-year Consumer Inflation Expectation,MEDIUM,USD
dde29cb3-1064-4c6d-a5b0-17d8f55bc6c9,08/27/2027 17:00:00,Baker Hughes US Oil Rig Count,LOW,USD
9d1af632-3a7c-448c-84ad-dc9b0ee3ea11,08/27/2027 19:30:00,CFTC Gold NC Net Positions,LOW,USD
ca21dad8-4262-43fd-93c6-03c0556ec9a0,08/27/2027 19:30:00,CFTC Oil NC Net Positions,LOW,USD
06dc5599-1cc8-47e2-abec-3645b5cccef4,08/27/2027 19:30:00,CFTC S&P 500 NC Net Positions,LOW,USD
70c198f4-8356-432b-bd6c-20872e362edf,08/30/2027 14:30:00,Dallas Fed Manufacturing Business Index,LOW,USD
4e130bb8-776b-4f19-b067-16546dfdffa8,08/30/2027 15:30:00,3-Month Bill Auction,LOW,USD
ee3bbdab-1ae8-4c39-bdb6-d165ac62e7cc,08/30/2027 15:30:00,6-Month Bill Auction,LOW,USD
adf17ff8-5b5f-4dd4-95e2-993135e41ecd,08/31/2027 12:55:00,Redbook Index (YoY),LOW,USD
0f15ebbd-2c7c-4123-adc1-fd544bf14b02,08/31/2027 13:00:00,Housing Price Index (MoM),MEDIUM,USD
f61d9053-4d94-49a5-83ba-101665313c14,08/31/2027 13:00:00,S&P/Case-Shiller Home Price Indices (YoY),LOW,USD
94e3b909-0f7a-496f-9a0b-b68926d3c8ac,08/31/2027 13:45:00,Chicago PMI,MEDIUM,USD
45fde3f7-a250-4c02-be4a-b5643558dd81,08/31/2027 14:00:00,Consumer Confidence,MEDIUM,USD
fb4edced-ef2d-4116-abef-b45bc1cfbcbd,08/31/2027 15:30:00,52-Week Bill Auction,LOW,USD
e1a259da-1681-4bd8-b44a-03684ff88b43,08/31/2027 20:30:00,API Weekly Crude Oil Stock,LOW,USD
ae28ccbc-c279-4344-9cd8-85ce8e7c2d50,09/01/2027 11:00:00,MBA Mortgage Applications,LOW,USD
b1ca116b-9ad3-4654-bbe1-c02ca3b20f95,09/01/2027 12:15:00,ADP Employment Change,HIGH,USD
e5d8c2da-e449-4d8b-acd7-e3fdadbee575,09/01/2027 13:45:00,S&P Global Manufacturing PMI,LOW,USD
e23bacbc-a95d-4615-888b-067224b16919,09/01/2027 14:00:00,Construction Spending (MoM),LOW,USD
86423e1d-39f7-46d6-bb40-283d2be476e4,09/01/2027 14:00:00,ISM Manufacturing Employment Index,MEDIUM,USD
f55072ad-3625-4ff9-9936-e52e85bb6e9e,09/01/2027 14:00:00,ISM Manufacturing New Orders Index,MEDIUM,USD
51ef6204-5328-4422-977a-59cb782bed5a,09/01/2027 14:00:00,ISM Manufacturing PMI,HIGH,USD
be33e7dc-d4af-491b-9c7a-1c3c0d94a951,09/01/2027 14:00:00,ISM Manufacturing Prices Paid,MEDIUM,USD
7ba0c243-818a-479e-b2a5-e186f8a90697,09/01/2027 14:30:00,EIA Crude Oil Stocks Change,LOW,USD
846712e8-3112-4abd-88c2-175f2c6853cb,09/01/2027 14:30:00,EIA Distillate Stocks Change,LOW,USD
2febf9ed-cfab-4b4d-9afc-1a56bc8d2bf3,09/01/2027 14:30:00,EIA Gasoline Stocks Change,LOW,USD
1e73b5cb-932d-4ef9-a0cc-e3587362b402,09/01/2027 14:30:00,EIA Heating Oil Stocks Change,LOW,USD
47aba3b7-2c48-463a-990a-522f0bde1f35,09/02/2027 09:30:00,Challenger Job Cuts,MEDIUM,USD
3a5268f3-4648-43ee-a192-394551c12055,09/02/2027 12:30:00,Continuing Jobless Claims,LOW,USD
9034e4b1-ab0b-43e0-b3e1-2bdf4b029073,09/02/2027 12:30:00,Initial Jobless Claims,MEDIUM,USD
1c119ae0-4249-4ad9-a3bf-dba87d15fde4,09/02/2027 12:30:00,Initial Jobless Claims 4-week average,LOW,USD
ebb1aa85-4042-4052-a406-4f1022a50263,09/02/2027 14:30:00,EIA Natural Gas Storage Change,LOW,USD
4d787c42-7917-4e52-836d-03324cc7827f,09/02/2027 15:30:00,4-Week Bill Auction,LOW,USD
464b70e9-c9d1-44a5-877c-39f19dbd9ca1,09/02/2027 19:30:00,Total Vehicle Sales,LOW,USD
a657c919-d95f-4418-a6df-f4383ff7436f,09/03/2027 12:30:00,Average Hourly Earnings (MoM),HIGH,USD
d06ed24f-1836-48d8-a14e-1a4805479a5e,09/03/2027 12:30:00,Average Hourly Earnings (YoY),HIGH,USD
ecc89b6b-e2fb-4160-9002-f403721729ca,09/03/2027 12:30:00,Average Weekly Hours,LOW,USD
ca354e1a-2033-4749-a655-2ea104be7dac,09/03/2027 12:30:00,Labor Force Participation Rate,MEDIUM,USD
2d5963f6-b97c-49be-be8b-9c02a2ba1c89,09/03/2027 12:30:00,Nonfarm Payrolls,HIGH,USD
0fe9e1f6-6c48-4bef-9243-15603e0daac0,09/03/2027 12:30:00,U6 Underemployment Rate,MEDIUM,USD
d1581607-92c0-4723-a7eb-5b6a0c0e1023,09/03/2027 12:30:00,Unemployment Rate,MEDIUM,USD
48da4543-b2c0-4c75-9312-3774147f2970,09/03/2027 13:45:00,S&P Global Composite PMI,MEDIUM,USD
d8fb69f8-98dc-44c6-87e3-ddc5c12b9367,09/03/2027 13:45:00,S&P Global Services PMI,LOW,USD
ed680661-85a1-45b9-8774-2cbf95e6f0fb,09/03/2027 14:00:00,ISM Services Employment Index,MEDIUM,USD
bc0a6e05-01c3-4f7c-8f93-d79567ffb22f,09/03/2027 14:00:00,ISM Services New Orders Index,MEDIUM,USD
bdd967d6-1629-4807-a75a-7784aa38a819,09/03/2027 14:00:00,ISM Services PMI,HIGH,USD
56d439df-0717-4b43-ab7b-62a735206707,09/03/2027 14:00:00,ISM Services Prices Paid,MEDIUM,USD
5f784a27-429a-4004-9f72-d8f4f21f71b4,09/03/2027 17:00:00,Baker Hughes US Oil Rig Count,LOW,USD
41bc229c-438b-4e27-a974-fb879f51be7f,09/03/2027 19:30:00,CFTC Gold NC Net Positions,LOW,USD
a7daadb6-729b-437c-85c5-880ed81cf2e7,09/03/2027 19:30:00,CFTC Oil NC Net Positions,LOW,USD
f89f8498-9bb4-4429-90c1-58263c2cfcb9,09/03/2027 19:30:00,CFTC S&P 500 NC Net Positions,LOW,USD
f74de71b-8f67-442e-b8a0-b2b228bfb9eb,09/06/2027 15:30:00,3-Month Bill Auction,LOW,USD
e611fd79-fd97-4d17-9050-27d553da5516,09/06/2027 15:30:00,6-Month Bill Auction,LOW,USD
3721f034-84e4-4fbe-8e62-d74a7b4ca99e,09/07/2027 12:15:00,ADP Employment Change 4-week average,MEDIUM,USD
eb0b3c19-c42e-4135-9c79-c7ede6bf319a,09/07/2027 12:30:00,Goods and Services Trade Balance,LOW,USD
206d0219-ec0e-4739-b932-98f247290852,09/07/2027 12:30:00,Goods Trade Balance,LOW,USD
a5c5db12-72f8-423b-8f4b-0e61006eaee5,09/07/2027 12:55:00,Redbook Index (YoY),LOW,USD
2c989eb2-7425-43cb-b369-7844118130cd,09/07/2027 14:00:00,Factory Orders (MoM),MEDIUM,USD
b6c6ab0f-e9d0-4e15-bf8e-4233e68a5648,09/07/2027 14:00:00,JOLTS Job Openings,MEDIUM,USD
1cee4a7e-8649-4458-b11b-5c18b944601a,09/07/2027 14:00:00,RealClearMarkets/TIPP Economic Optimism (MoM),LOW,USD
946b5b5a-febd-4bbe-8ede-b4d8ff2601bf,09/07/2027 17:00:00,3-Year Note Auction,LOW,USD
a5692a85-2fb8-40e4-94c7-dd0417941837,09/07/2027 19:00:00,Consumer Credit Change,LOW,USD
711df2b5-08cd-4d65-be73-ce22325e769a,09/08/2027 11:00:00,MBA Mortgage Applications,LOW,USD
c2955356-f82c-481c-b2ba-707ef18dc1ae,09/08/2027 17:00:00,10-Year Note Auction,LOW,USD
a6bba3ce-20df-41da-9b76-57768cd3a9eb,09/08/2027 20:30:00,API Weekly Crude Oil Stock,LOW,USD
a3358f15-4e3a-4a31-98f3-e87e208f21f1,09/09/2027 12:30:00,Continuing Jobless Claims,LOW,USD
b28165dd-124f-404b-8958-53f316b331bf,09/09/2027 12:30:00,Initial Jobless Claims,MEDIUM,USD
2b936631-a631-45b7-8a79-a0c1587723b1,09/09/2027 12:30:00,Initial Jobless Claims 4-week average,LOW,USD
70dc2a5d-75d6-4ce9-b62b-a316b144eb1e,09/09/2027 12:30:00,Nonfarm Productivity,MEDIUM,USD
9c178974-56b9-4f42-bb1d-cc40b93efaeb,09/09/2027 12:30:00,Unit Labor Costs,MEDIUM,USD
12b2d978-6398-45e5-905f-c0b18243bd14,09/09/2027 14:00:00,Wholesale Inventories,LOW,USD
18995377-7286-44fe-9dad-298273bb718e,09/09/2027 14:30:00,EIA Natural Gas Storage Change,LOW,USD
c18634f4-9655-42f9-919f-feef54246c4c,09/09/2027 15:30:00,4-Week Bill Auction,LOW,USD
c1813d05-020d-40db-a7ca-7f1d182488f0,09/09/2027 16:00:00,EIA Crude Oil Stocks Change,LOW,USD
56acb734-e9ee-49e1-9f31-a6cb9fa2b7e9,09/09/2027 16:00:00,EIA Distillate Stocks Change,LOW,USD
48529b54-5780-4519-8baf-e784d2fe3a1e,09/09/2027 16:00:00,EIA Gasoline Stocks Change,LOW,USD
763b3e9a-0a76-4a27-8510-e6610de2ffa7,09/09/2027 16:00:00,EIA Heating Oil Stocks Change,LOW,USD
9f100b34-70be-4091-88a9-ce6e74e1bb11,09/09/2027 17:00:00,30-Year Bond Auction,LOW,USD
5fb5a1a8-ebb9-4646-a87e-4cd7240798ec,09/10/2027 12:30:00,Consumer Price Index (MoM),HIGH,USD
aca909db-0828-4e43-8a00-34ac73499041,09/10/2027 12:30:00,Consumer Price Index (YoY),HIGH,USD
1acbf507-608a-4b3f-ab0e-9aeece4cb4a9,09/10/2027 12:30:00,Consumer Price Index Core s.a,LOW,USD
fd7020b3-5ee3-4fbb-9d52-b1cb6b6e3ee7,09/10/2027 12:30:00,Consumer Price Index ex Food & Energy (MoM),HIGH,USD
fcddcf33-1eb8-4578-a7e7-208bbc7a5fb8,09/10/2027 12:30:00,Consumer Price Index ex Food & Energy (YoY),HIGH,USD
a585e397-55b0-45b2-a81d-d2dedb6b9068,09/10/2027 12:30:00,Consumer Price Index n.s.a (MoM),LOW,USD
be301c66-be0e-4105-acb1-eeef2ed5a7ec,09/10/2027 14:00:00,Michigan Consumer Expectations Index,MEDIUM,USD
49c7651f-873c-48db-9615-a4efaa7f5128,09/10/2027 14:00:00,Michigan Consumer Sentiment Index,HIGH,USD
34c20dd2-5143-4a3e-98cc-0d10458f2bdf,09/10/2027 14:00:00,UoM 1-year Consumer Inflation Expectations,MEDIUM,USD
9d1ed382-7730-4dd3-a13c-c7af4e5ebf50,09/10/2027 14:00:00,UoM 5-year Consumer Inflation Expectation,MEDIUM,USD
0eace80c-9091-4a89-b233-d0a46c26ed19,09/10/2027 17:00:00,Baker Hughes US Oil Rig Count,LOW,USD
bdb07bee-d9cc-4a6b-ba02-c6401371ef15,09/10/2027 18:00:00,Monthly Budget Statement,MEDIUM,USD
a1b1f723-9e5a-4284-b03c-491dc7a31996,09/10/2027 19:30:00,CFTC Gold NC Net Positions,LOW,USD
27ef34c3-dfec-498d-b806-56ff7c05ac62,09/10/2027 19:30:00,CFTC Oil NC Net Positions,LOW,USD
c4c8cdb3-b5e0-4c12-8ce3-a99499a28095,09/10/2027 19:30:00,CFTC S&P 500 NC Net Positions,LOW,USD
83e21690-bc00-408b-a912-6884f6a71ab1,09/13/2027 14:00:00,Existing Home Sales (MoM),LOW,USD
dea2a0b6-4e00-46b3-b2f5-ce4c0e75d7aa,09/13/2027 14:00:00,Existing Home Sales Change (MoM),MEDIUM,USD
0922c673-f1fe-4da7-8b48-9bc4189fd6fa,09/13/2027 15:30:00,3-Month Bill Auction,LOW,USD
733dbc36-2daf-4606-93f6-c2e1cc5a7baf,09/13/2027 15:30:00,6-Month Bill Auction,LOW,USD
5edd7a27-c517-40a1-81e8-15ff93fafaad,09/14/2027 10:00:00,NFIB Business Optimism Index,LOW,USD
e68b1d24-a412-41e5-aa61-00e0d2fe5b06,09/14/2027 12:15:00,ADP Employment Change 4-week average,MEDIUM,USD
5cafe6de-6454-4c48-9e3e-9bcd16da904a,09/14/2027 12:55:00,Redbook Index (YoY),LOW,USD
f1d52e3d-cf04-4ef5-9de3-a08e9188e7b3,09/14/2027 14:00:00,Business Inventories,LOW,USD
dbb5b29c-9c6e-4d27-99a1-aa61bcb8f595,09/14/2027 20:30:00,API Weekly Crude Oil Stock,LOW,USD
84cb2272-e155-45ce-8a6a-6353edf06f20,09/15/2027 11:00:00,MBA Mortgage Applications,LOW,USD
b7511b87-e89a-4b09-8670-7a01ef34e23e,09/15/2027 12:30:00,NY Empire State Manufacturing Index,MEDIUM,USD
fea27428-5a1e-401d-88aa-85c7651bfaf7,09/15/2027 12:30:00,Producer Price Index (MoM),MEDIUM,USD
ff7341d6-96ad-4cac-aac1-7ff82d61cc3d,09/15/2027 12:30:00,Producer Price Index (YoY),MEDIUM,USD
47502500-843b-4e3a-9c3d-4bdfa3688318,09/15/2027 12:30:00,Producer Price Index ex Food & Energy (MoM),MEDIUM,USD
b5523844-6cdb-4516-91a8-0972bc95f04c,09/15/2027 12:30:00,Producer Price Index ex Food & Energy (YoY),HIGH,USD
ee098ecf-3ae2-4142-b857-af3313415fd6,09/15/2027 12:30:00,Retail Sales (MoM),HIGH,USD
f08a14ea-c834-4d50-8442-518bea6c2f70,09/15/2027 12:30:00,Retail Sales (YoY),LOW,USD
d4a5b8de-2fe7-4c6c-b834-a3777c424019,09/15/2027 12:30:00,Retail Sales Control Group,HIGH,USD
a7ddc9fb-debb-4fd2-ad9f-d1d0b461b4ca,09/15/2027 12:30:00,Retail Sales ex Autos (MoM),MEDIUM,USD
264773da-3fd8-45c5-a904-cf618cb81e11,09/15/2027 14:00:00,NAHB Housing Market Index,LOW,USD
fb9f5e19-2fe3-4955-9a1a-2078f7f55671,09/15/2027 14:30:00,EIA Crude Oil Stocks Change,LOW,USD
04f2570a-26cd-4307-968d-8c8924ec5c69,09/15/2027 14:30:00,EIA Distillate Stocks Change,LOW,USD
d6d3ffc6-a73a-4778-afca-6b41929cab10,09/15/2027 14:30:00,EIA Gasoline Stocks Change,LOW,USD
b607e686-d737-41b5-9705-7082c475d780,09/15/2027 14:30:00,EIA Heating Oil Stocks Change,LOW,USD
49f9af44-2b18-464c-8d1b-33daf78059de,09/15/2027 18:00:00,Fed Interest Rate Decision,HIGH,USD
d48b04d7-c546-468d-9d1b-3f7a824306a0,09/15/2027 18:00:00,Fed Monetary Policy Statement,HIGH,USD
333c947a-3fce-4d51-adec-869ace2feb33,09/15/2027 18:00:00,FOMC Economic Projections,HIGH,USD
8e5bc7b4-efb4-4019-80a9-56e6b2e16963,09/15/2027 18:00:00,Interest Rate Projections - 1st year,HIGH,USD
c4104939-d1e5-4b2e-8302-a0e886f50b82,09/15/2027 18:00:00,Interest Rate Projections - 2nd year,HIGH,USD
42311d11-11c0-46cb-a219-2aae3899f4ca,09/15/2027 18:00:00,Interest Rate Projections - 3rd year,HIGH,USD
da048300-9bf2-48ef-90ad-16e7a24574d7,09/15/2027 18:00:00,Interest Rate Projections - Current,HIGH,USD
cf9d8130-f91e-42f7-a5dc-9190d9de15a5,09/15/2027 18:00:00,Interest Rate Projections - Longer,HIGH,USD
a7d1de93-b309-48cc-9c2e-3713b7b66a4a,09/15/2027 18:30:00,FOMC Press Conference,HIGH,USD
27215db7-ce77-479e-b829-0b590ad5772b,09/16/2027 12:30:00,Building Permits (MoM),MEDIUM,USD
6eeb2c7b-5022-4c04-abe4-9ea273300c19,09/16/2027 12:30:00,Building Permits Change,LOW,USD
a2a3664e-33f7-4a0a-ae71-0f08d47eb233,09/16/2027 12:30:00,Continuing Jobless Claims,LOW,USD
beff38b7-8a51-4515-bfc1-a9be0e80c4ac,09/16/2027 12:30:00,Export Price Index (MoM),LOW,USD
12bfc324-95fe-41c4-be29-b22217f6126d,09/16/2027 12:30:00,Export Price Index (YoY),LOW,USD
87dce648-b2db-4c73-9d0b-288d529fb1e6,09/16/2027 12:30:00,Housing Starts (MoM),MEDIUM,USD
12fa70f6-f414-4e6c-bd3e-667125fe9423,09/16/2027 12:30:00,Housing Starts Change,LOW,USD
eb08669d-16cb-45ef-8231-babc8ea237b8,09/16/2027 12:30:00,Import Price Index (MoM),LOW,USD
fe7658fe-7c0e-405f-8372-924ebe964ebd,09/16/2027 12:30:00,Import Price Index (YoY),LOW,USD
690c989e-a9b5-4317-bfa2-f0d60cae8860,09/16/2027 12:30:00,Initial Jobless Claims,MEDIUM,USD
3389f8f9-86a7-40b9-82c0-b79d110042d8,09/16/2027 12:30:00,Initial Jobless Claims 4-week average,LOW,USD
f0a467af-ebe3-4004-8784-3a375941e64b,09/16/2027 12:30:00,Philadelphia Fed Manufacturing Survey,MEDIUM,USD
e4dd4d40-2b41-40e6-bb79-d051a4740861,09/16/2027 13:15:00,Capacity Utilization,LOW,USD
5569b617-7bcd-4ef7-9e3c-07db14bc8627,09/16/2027 13:15:00,Industrial Production (MoM),MEDIUM,USD
c25bdecf-20af-483a-8f64-364440d34f46,09/16/2027 14:00:00,Pending Home Sales (MoM),MEDIUM,USD
cfd83d17-8898-4c7a-aa31-3cb75d66ff6b,09/16/2027 14:00:00,Pending Home Sales (YoY),LOW,USD
b6942a75-edae-48f2-8a20-d71b22319f78,09/16/2027 14:30:00,EIA Natural Gas Storage Change,LOW,USD
fc77b651-07ff-4200-a82c-9afca7edc9f3,09/16/2027 15:30:00,4-Week Bill Auction,LOW,USD
37567198-2f62-46b9-b78e-2baf6560eed8,09/16/2027 20:00:00,Net Long-Term TIC Flows,LOW,USD
8560eb0d-1c16-4809-9ccf-796b2ebef967,09/16/2027 20:00:00,Total Net TIC Flows,LOW,USD
a4106404-fa61-4ae3-a12d-78fd9bd538de,09/17/2027 17:00:00,Baker Hughes US Oil Rig Count,LOW,USD
1e2bf7b2-d809-486f-a9a1-7d3e75ff936e,09/17/2027 19:30:00,CFTC Gold NC Net Positions,LOW,USD
3f45ac34-ed30-4a0e-aee3-2409a0e23681,09/17/2027 19:30:00,CFTC Oil NC Net Positions,LOW,USD
6a6b21b4-7ec6-4629-94b0-face44b58d39,09/17/2027 19:30:00,CFTC S&P 500 NC Net Positions,LOW,USD
fb9b6094-6dc1-4c4f-9bf6-e110ad8172f3,09/20/2027 15:30:00,3-Month Bill Auction,LOW,USD
0fe8de44-0395-4859-83ea-19c3d7117409,09/20/2027 15:30:00,6-Month Bill Auction,LOW,USD
d77ba5db-59fd-49b8-88d2-a390391fc9d8,09/21/2027 12:15:00,ADP Employment Change 4-week average,MEDIUM,USD
2f19ee62-7269-43d9-843b-777bb932f209,09/21/2027 12:55:00,Redbook Index (YoY),LOW,USD
5a253cc5-ee53-4215-93a3-17566ac9e7cd,09/21/2027 20:30:00,API Weekly Crude Oil Stock,LOW,USD
6793b06c-014e-4e89-a032-5f034981ddff,09/22/2027 11:00:00,MBA Mortgage Applications,LOW,USD
afd9f15a-0037-4494-a425-de8554793e0a,09/22/2027 14:30:00,EIA Crude Oil Stocks Change,LOW,USD
dccb2ae1-bcb3-416a-a1a4-6f100650e4ed,09/22/2027 14:30:00,EIA Distillate Stocks Change,LOW,USD
de5354c0-b744-49db-b134-d48539b7bdf4,09/22/2027 14:30:00,EIA Gasoline Stocks Change,LOW,USD
e1b5ee03-355e-4d0b-a95a-aba848906ae9,09/22/2027 14:30:00,EIA Heating Oil Stocks Change,LOW,USD
c422aefa-53a1-4bd9-b430-fa006c34bc63,09/22/2027 17:00:00,20-Year Bond Auction,LOW,USD
26760003-4bd1-4b8a-8f9e-c253779cfccb,09/23/2027 12:30:00,"Chicago Fed National Activity Index ",LOW,USD
22907a64-65e3-48f7-b5fe-99712bce208a,09/23/2027 12:30:00,Continuing Jobless Claims,LOW,USD
5ecdc221-5ee8-4578-b562-dc4755342acf,09/23/2027 12:30:00,Current Account,LOW,USD
90cfb90d-6b0f-44bb-a4ff-f3ba001bde2f,09/23/2027 12:30:00,Initial Jobless Claims,MEDIUM,USD
a80d0cc6-ff88-472b-a111-332d6e8a962c,09/23/2027 12:30:00,Initial Jobless Claims 4-week average,LOW,USD
3306f6c7-4d26-4907-9107-0080d6105195,09/23/2027 13:45:00,S&P Global Composite PMI,MEDIUM,USD
0d8d4d18-ed7f-4c59-98f9-4d36fbc7929c,09/23/2027 13:45:00,S&P Global Manufacturing PMI,HIGH,USD
9506dce1-0e19-44f7-86ef-74f0453896bf,09/23/2027 13:45:00,S&P Global Services PMI,HIGH,USD
4fe4069b-e499-445e-8597-ebf58388947f,09/23/2027 14:30:00,EIA Natural Gas Storage Change,LOW,USD
404c1abc-abec-45e4-8e63-08c102620b82,09/23/2027 15:00:00,Kansas Fed Manufacturing Activity,LOW,USD
1b43cb95-0dff-4f05-a6c9-7a1d72906b41,09/23/2027 15:30:00,4-Week Bill Auction,LOW,USD
3d233c65-6ef0-467b-945f-d0e9e1407b15,09/23/2027 17:00:00,10-year TIPS Auction,LOW,USD
e0a74ae8-3bd2-4737-bae7-174f35a28b69,09/24/2027 14:00:00,Michigan Consumer Expectations Index,MEDIUM,USD
e896c03d-356a-404a-be40-dc33a0bf78a7,09/24/2027 14:00:00,Michigan Consumer Sentiment Index,MEDIUM,USD
b2dbac18-2ab4-4cee-86db-da6a707cd551,09/24/2027 14:00:00,New Home Sales (MoM),LOW,USD
80ed3f6b-76f8-4bb8-b7ab-df873a599179,09/24/2027 14:00:00,New Home Sales Change (MoM),MEDIUM,USD
5b6129e5-8b46-483f-9fc5-aa1bf8a2be35,09/24/2027 14:00:00,UoM 1-year Consumer Inflation Expectations,MEDIUM,USD
21b07c2a-2e1f-401b-bf5d-1547dbaadfaf,09/24/2027 14:00:00,UoM 5-year Consumer Inflation Expectation,MEDIUM,USD
31961b08-09f1-448c-9d8d-04e804dd3398,09/24/2027 17:00:00,Baker Hughes US Oil Rig Count,LOW,USD
d5035fd7-8012-4d73-9377-20ae2fa9907f,09/24/2027 19:30:00,CFTC Gold NC Net Positions,LOW,USD
de9a7845-e6b8-448a-a21c-abc4775769cb,09/24/2027 19:30:00,CFTC Oil NC Net Positions,LOW,USD
3322dd87-f4f0-44a9-bbe5-5fad3d15aec4,09/24/2027 19:30:00,CFTC S&P 500 NC Net Positions,LOW,USD
1a57c56e-fb23-4312-af1b-6c40e5b3d61b,09/27/2027 15:30:00,3-Month Bill Auction,LOW,USD
bb0207ce-f5eb-4397-88ec-26727c544be9,09/27/2027 15:30:00,6-Month Bill Auction,LOW,USD
f1441de9-8dc5-4ca7-ab07-9621267bc41c,09/28/2027 12:30:00,Durable Goods Orders,MEDIUM,USD
613edf85-372e-4422-af6a-de6ee51938f3,09/28/2027 12:30:00,Durable Goods Orders ex Defense,MEDIUM,USD
330f7624-b883-4690-a46f-7a0acc63abd6,09/28/2027 12:30:00,Durable Goods Orders ex Transportation,MEDIUM,USD
f16b9419-c8a4-45d6-a088-f410edd5fb78,09/28/2027 12:30:00,Nondefense Capital Goods Orders ex Aircraft,MEDIUM,USD
87920e76-0dae-4963-ad3d-9a4c1c35c3e9,09/28/2027 12:55:00,Redbook Index (YoY),LOW,USD
f2411c35-94c5-4709-a6dc-1f8fa762600f,09/28/2027 13:00:00,Housing Price Index (MoM),MEDIUM,USD
e72ff340-8f4b-44e9-b343-2ffe61d63d3e,09/28/2027 13:00:00,S&P/Case-Shiller Home Price Indices (YoY),LOW,USD
c1745436-13eb-422e-ae8c-3927ec1af89e,09/28/2027 14:00:00,Consumer Confidence,MEDIUM,USD
4aeac156-f73e-47d2-af75-a35577fcd715,09/28/2027 14:00:00,Richmond Fed Manufacturing Index,LOW,USD
4225086a-e369-495c-81bf-821dc1026615,09/28/2027 15:30:00,52-Week Bill Auction,LOW,USD
bd662f17-c647-4b81-b2d5-94042d26a7bf,09/28/2027 17:00:00,2-Year Note Auction,LOW,USD
f88a35d5-7cc5-4dc3-8da5-7c1e7c32b56b,09/28/2027 17:00:00,5-Year Note Auction,LOW,USD
370bd625-45e0-4d33-85c2-454ef2ec5d37,09/28/2027 17:00:00,7-Year Note Auction,LOW,USD
bda2c81f-be0c-41a9-afed-19ed7bcc8e7c,09/28/2027 20:30:00,API Weekly Crude Oil Stock,LOW,USD
b8ce1d56-914e-4dd8-ae1b-eb7de9b08d93,09/29/2027 11:00:00,MBA Mortgage Applications,LOW,USD
942c4e1b-e562-45fd-92e8-273fdef0e5ba,09/29/2027 12:30:00,Core Personal Consumption Expenditures (QoQ),MEDIUM,USD
c80f2295-bd5b-4e4f-a90a-2a50966c5430,09/29/2027 12:30:00,Goods Trade Balance,LOW,USD
894fcecd-2efb-485c-a2b7-b53bce48e509,09/29/2027 12:30:00,Gross Domestic Product Annualized,MEDIUM,USD
da467e21-0a8b-41f8-9a15-cc9ab5f48903,09/29/2027 12:30:00,Gross Domestic Product Price Index,MEDIUM,USD
aa904548-83a0-4733-b9b1-79a241eec9dd,09/29/2027 12:30:00,Personal Consumption Expenditures Prices (QoQ),MEDIUM,USD
843128fa-9460-4adf-8cf8-a669b118c9e5,09/29/2027 14:30:00,EIA Crude Oil Stocks Change,LOW,USD
837970ed-f0f4-4f5d-a6e2-8d9761aa94e2,09/29/2027 14:30:00,EIA Distillate Stocks Change,LOW,USD
a3a48076-b448-46b4-abf8-3636c6792b14,09/29/2027 14:30:00,EIA Gasoline Stocks Change,LOW,USD
c8747693-4451-46ef-8c0b-aa6717dd71ca,09/29/2027 14:30:00,EIA Heating Oil Stocks Change,LOW,USD
914c9553-2c68-4378-b83c-e05447048fdc,09/30/2027 12:30:00,Continuing Jobless Claims,LOW,USD
d101a142-1ca2-458c-bda3-5934a35c5aa2,09/30/2027 12:30:00,Core Personal Consumption Expenditures - Price Index (MoM),HIGH,USD
a5eb331c-d4de-45ef-b246-a3d3f7bf38eb,09/30/2027 12:30:00,Core Personal Consumption Expenditures - Price Index (YoY),HIGH,USD
973028b1-8122-409e-b7d9-c4fefbcd9411,09/30/2027 12:30:00,Initial Jobless Claims,MEDIUM,USD
77d14544-ac00-4d93-83f0-60f121b793a4,09/30/2027 12:30:00,Initial Jobless Claims 4-week average,LOW,USD
2424ab40-7dad-47e6-a903-6e510489dedd,09/30/2027 12:30:00,Personal Consumption Expenditures - Price Index (MoM),MEDIUM,USD
6bd0cb41-1421-4abf-89b1-0f2a976e542d,09/30/2027 12:30:00,Personal Consumption Expenditures - Price Index (YoY),MEDIUM,USD
b3cb4342-128b-4935-bbe6-40ed531af63c,09/30/2027 12:30:00,Personal Income (MoM),MEDIUM,USD
955eb803-c490-41e7-a8d6-776133298c95,09/30/2027 12:30:00,Personal Spending,MEDIUM,USD
83eeaa31-dd5e-4935-8cd1-b736a91d0575,09/30/2027 12:30:00,Wholesale Inventories,LOW,USD
10dd3a18-e0c8-4e44-af70-71b635cfacd7,09/30/2027 13:45:00,Chicago PMI,MEDIUM,USD
00c0f9d6-210d-4e33-9a82-e4d06776861c,09/30/2027 14:30:00,Dallas Fed Manufacturing Business Index,LOW,USD
265c6999-0528-4c85-9d1c-447ff6fa9790,09/30/2027 14:30:00,EIA Natural Gas Storage Change,LOW,USD
f6383967-ed61-43cf-a554-9e5e236b0864,09/30/2027 15:30:00,4-Week Bill Auction,LOW,USD
