{
    "accuracy": 0.9054638653541636,
    "report": {
        "Confidence": {
            "precision": 0.8312146892655368,
            "recall": 0.8183082271147161,
            "f1-score": 0.82471096578302,
            "support": 4315.0
        },
        "Consumption": {
            "precision": 0.02184769038701623,
            "recall": 0.9459459459459459,
            "f1-score": 0.04270896888346553,
            "support": 37.0
        },
        "Growth": {
            "precision": 0.9278812707737497,
            "recall": 0.8385023749650741,
            "f1-score": 0.880930539757091,
            "support": 14316.0
        },
        "Housing": {
            "precision": 0.9933460076045627,
            "recall": 0.964689591507039,
            "f1-score": 0.9788081020957733,
            "support": 4333.0
        },
        "Inflation": {
            "precision": 0.9980312807612381,
            "recall": 0.9825562614407236,
            "f1-score": 0.9902333152468801,
            "support": 9287.0
        },
        "Labor Market": {
            "precision": 0.9892305291087873,
            "recall": 0.9995268885033907,
            "f1-score": 0.9943520552243489,
            "support": 6341.0
        },
        "Monetary Policy": {
            "precision": 0.9842550422901757,
            "recall": 0.9882414423830677,
            "f1-score": 0.986244214094791,
            "support": 7654.0
        },
        "Money and Credit": {
            "precision": 0.7124749833222148,
            "recall": 0.67982176957352,
            "f1-score": 0.6957654723127036,
            "support": 1571.0
        },
        "Other": {
            "precision": 0.8164401871240811,
            "recall": 0.9436148300720907,
            "f1-score": 0.8754329392093634,
            "support": 7768.0
        },
        "Trade and External": {
            "precision": 0.943076923076923,
            "recall": 0.7614906832298136,
            "f1-score": 0.8426116838487973,
            "support": 5635.0
        },
        "accuracy": 0.9054638653541636,
        "macro avg": {
            "precision": 0.8217798603714286,
            "recall": 0.8922698014735382,
            "f1-score": 0.8111798256456234,
            "support": 61257.0
        },
        "weighted avg": {
            "precision": 0.9309266808558638,
            "recall": 0.9054638653541636,
            "f1-score": 0.9158873112554058,
            "support": 61257.0
        }
    }
}