{
    "accuracy": 0.8265504350523205,
    "report": {
        "Confidence": {
            "precision": 0.7749093236611905,
            "recall": 0.8417149478563152,
            "f1-score": 0.8069317929349034,
            "support": 4315.0
        },
        "Consumption": {
            "precision": 0.0,
            "recall": 0.0,
            "f1-score": 0.0,
            "support": 37.0
        },
        "Growth": {
            "precision": 0.9350694686867277,
            "recall": 0.935526683431126,
            "f1-score": 0.9352980201822689,
            "support": 14316.0
        },
        "Housing": {
            "precision": 0.9883909914093336,
            "recall": 0.9824601892453265,
            "f1-score": 0.9854166666666667,
            "support": 4333.0
        },
        "Inflation": {
            "precision": 0.9980312807612381,
            "recall": 0.9825562614407236,
            "f1-score": 0.9902333152468801,
            "support": 9287.0
        },
        "Labor Market": {
            "precision": 0.9896923317195064,
            "recall": 0.9993691846711875,
            "f1-score": 0.9945072190834903,
            "support": 6341.0
        },
        "Monetary Policy": {
            "precision": 0.9732785200411099,
            "recall": 0.9898092500653253,
            "f1-score": 0.9814742842337091,
            "support": 7654.0
        },
        "Money and Credit": {
            "precision": 0.2529929577464789,
            "recall": 0.9147040101845958,
            "f1-score": 0.3963591228796028,
            "support": 1571.0
        },
        "Other": {
            "precision": 0.0,
            "recall": 0.0,
            "f1-score": 0.0,
            "support": 7768.0
        },
        "Trade and External": {
            "precision": 0.5459126539753639,
            "recall": 0.865128660159716,
            "f1-score": 0.6694129763130793,
            "support": 5635.0
        },
        "accuracy": 0.8265504350523205,
        "macro avg": {
            "precision": 0.6458277528000949,
            "recall": 0.7511269187054316,
            "f1-score": 0.6759633397540601,
            "support": 61257.0
        },
        "weighted avg": {
            "precision": 0.7751013847417019,
            "recall": 0.8265504350523205,
            "f1-score": 0.7925778459622441,
            "support": 61257.0
        }
    }
}